"criterion","A1","A3a","A3b"
"Exposure definition","UCMR5 Hazard Index, Phase 1 PWS->ZIP->ZCTA assignment (full-population weight per served ZIP)","Same UCMR5 Hazard Index, equal-split population-weighted PWS->ZCTA assignment","Same UCMR5 Hazard Index (unchanged) + separate TRI/NPL/NPDES source-pressure indicators, never combined into one score"
"Geographic assignment quality","Baseline -- documented limitation (many-to-many PWS<->ZCTA; ZIP-served != service area)","Tested alternative; a real statewide PWS service-area dataset (TWDB) was found but not used this pass","n/a -- does not change exposure assignment; adds parallel source-pressure context"
"Exposure contrast (ZCTA HI IQR)","0.0127 (baseline)","0.0170 (equal-split alt.)","n/a (source variables are counts/distances/releases, not a PFAS concentration)"
"ZCTA coverage (primary sample)","1,223 ZCTA","1,223 ZCTA (unchanged)","1,223 ZCTA (unchanged)"
"Correlation with cholesterol (Spearman)","-0.450","-0.447","n/a by design -- source variables are compared to UCMR5 exposure, not substituted for cholesterol's exposure term"
"Adjusted PFAS std. beta (p-value)","-0.095 (p=3.4e-08)","-0.090 (p=1.98e-07)","Baseline (A1): UCMR5 + covariates: -0.095 (p=3.4e-08) | B1: + TRI source pressure: -0.097 (p=2.17e-08) | B2: + wastewater/NPDES pathway: -0.095 (p=3.47e-08) | B3: + PFAS/Superfund site proximity: -0.093 (p=7.14e-08) | Combined (all source families): -0.095 (p=4.46e-08)"
"Crude -> adjusted stability","Attenuates 63% crude->adjusted, sign stable","Attenuates similarly, sign stable","UCMR5 coefficient stable across all source-adjusted models (see exact values at left)"
"Residual Moran's I (adjusted)","0.278","0.280","baseline 0.278 -> richest source-adjusted model 0.269"
"Hotspot agreement with A1 baseline","n/a (this is the baseline)","94.1% of A1's top-quartile ZCTAs retained","high UCMR5 + high source pressure=96; high UCMR5 + low source pressure=210; low UCMR5 + high source pressure=210; low UCMR5 + low source pressure=707"
"Interpretability","Clear, matches Phase 1's own pattern","Unchanged from A1 -- this assignment refinement did not matter","Explains WHERE pressure is high; does not replace UCMR5 as the exposure measure"
"Main limitation","Same PWS->ZIP->ZCTA assignment Phase 1 already flagged","Tests only ONE assignment refinement; the deeper service-area question (TWDB) remains open","Source-pressure variables are not PFAS concentration measurements -- kept strictly separate (A3b.2)"
