"criterion","A1_UCMR5_plus_cholesterol","A2_county_UCMR5_plus_LBW"
"Geography","ZCTA (2020)","County (2020)"
"Exposure coverage","STRONG -- 1223 ZCTAs, 0% missing cholesterol (same CDC PLACES file as Phase 1)","PARTIAL -- 230/254 counties have any population-weighted PFAS data (95.8% of state population), but only 119 have a usable (non-suppressed) LBW rate -- WEAK once linked"
"Exposure contrast","Same as Phase 1 (unchanged exposure): HI IQR = 0.0127, 78.0% any-detect, 2.9% MCL/HI exceedance -- MODERATE, unchanged from Phase 1","WEAK -- county HI IQR (0.0078) is ~61% of the ZCTA-level IQR (0.0127); median county HI is exactly 0 (more than half of TX counties). Top-quartile ZCTAs do NOT get diluted out of high-tercile counties, but the bulk of the distribution compresses toward zero"
"Outcome data quality","STRONG -- model-based small-area estimate, 0% missing, same vintage/precision as Phase 1's 3 outcomes","WEAK -- real DSHS vital-statistics source, but only 119/254 counties (47%) have a non-suppressed rate; suppressed counties are overwhelmingly rural (mean pop density 10/km2 vs 260/km2 for usable counties) -- a structural, not random, missingness pattern"
"Temporal alignment","STRONG -- BRFSS 2023, VERIFIED (not assumed) contemporaneous with UCMR5 2023-2025 and Phase 1's other outcomes","UNRESOLVED / POOR -- most recent static county table is 2019; UCMR5 is 2023-2025. Exposure POST-DATES the birth outcome by 4+ years; no restriction of the UCMR5 window fixes this (it only makes the gap larger). This is a major, unresolved limitation, documented rather than hidden"
"Crude association (Pearson/Spearman)","-0.227 / -0.45 (pop-wt Hazard Index) -- comparable magnitude to Phase 1's hypertension result, STRONGEST of the 4 outcomes tested on partial-R2","0.008 / -0.148 -- weaker than EVERY A1/Phase-1 ZCTA-level result"
"Crude -> adjusted stability","MODERATE -- std beta attenuates 63% crude->adjusted (-0.260 -> -0.095) but sign is STABLE and remains the most significant of the 4 outcomes (p=3.4e-08)","UNSTABLE -- crude std beta -0.008 (p=0.87, null) FLIPS SIGN to 0.089 (p=0.018) after adjustment, and that 'significant' result does NOT survive a births-weighted sensitivity check (std beta 0.045, p=0.18). This is the classic pattern of a fragile, non-robust estimate, not evidence of a real effect"
"Residual spatial autocorrelation","STRONG, UNRESOLVED -- Moran's I 0.427 (crude) / 0.278 (adjusted), both p<<0.001: a full study would require spatial modelling, same as Phase 1","WEAK/ABSENT -- Moran's I 0.029 (crude, p=0.202) / -0.065 (adjusted, p=0.809), neither significant at n=119 counties -- contrasts sharply with the strong spatial structure at ZCTA level"
"Main limitation","The SAME exposure-characterization problem Phase 1 already diagnosed (PWS->ZIP->ZCTA assignment) -- changing the outcome did not touch it","Geographic aggregation destroys most exposure contrast AND the outcome is only available for fewer than half of counties (non-randomly, favoring urban areas) AND the one available outcome vintage (2019) cannot be temporally aligned with UCMR5 (2023-2025)"
"Full Direction A study warranted on this pairing?","MAY BE FEASIBLE, ONLY AFTER EXPOSURE IMPROVEMENT -- cholesterol is the most coherent outcome found, but it inherits Phase 1's exposure problem unchanged","NOT CURRENTLY WELL SUPPORTED -- three independent problems (exposure dilution, outcome suppression, temporal mismatch) each individually weaken this pairing, and they do not offset each other"
