"county","county_name","total_pop20","pop20_with_pfas","n_zcta_total","n_zcta_with_pfas","pfas_hazard_index_popwt","pfas_any_detect_popwt","pfas_n_detected_popwt","pfas_sum_ugL_popwt","any_mcl_exceedance_share","median_hh_income","poverty_rate","pct_bachelors_plus","pct_hispanic","pct_nh_black","pop_density_km2","coverage_pct","pfas_hi_log","pfas_hazard_index_areawt","pop_vs_area_diff","hi_tercile"
"48001","Anderson TX",57922,53473,12,9,0,0.743982944663662,0.551450534864264,0.00474303350949346,0,58638.228162517,21.6808638201644,14.5030842709721,20.3219730817031,19.1283704911887,682.884787405238,92.3,0,0,0,"low"
"48003","Andrews TX",18588,18588,1,1,0,0,0,0,0,76902,14.2165397170838,19.9477430399135,56.8365914245599,1.8738524678691,9.39581544720018,100,0,0,0,"low"
"48005","Angelina TX",86395,86262,7,6,0,0.823896965059934,0.71824805034826,0.00445395993621919,0,59609.787568725,16.3184125905926,18.1572950208509,23.2681438462963,12.390184806356,62.043942853753,99.8,0,0,0,"low"
"48007","Aransas TX",23817,22661,5,3,0,1,1.96644423839294,0.00736988637829301,0,63388.7416971071,16.0734269454984,28.1036409356379,27.111631297936,1.48596427082634,103.459947040909,95.1,0,0,0,"low"
"48009","Archer TX",8560,6857,9,5,0,1,2.9787078897477,0.0163854555231794,0,68894.4831775701,14.3219131191659,25.9287770510472,11.3506374350458,3.11134065657508,154.674878731828,80.1,0,0,0,"low"
"48011","Armstrong TX",1848,2,6,1,0,1,1,0.000265,0,68856.7279210093,5.7196588576815,21.5398389835348,9.27443616216155,0.792742168855627,1.23000346513691,0.1,0,0,0,"low"
"48013","Atascosa TX",48981,48978,16,15,0.0000153120018491471,0.852362285107599,1.27925167960995,0.0025830641881277,0,67369.8483257807,15.0617226757799,16.0681382620889,65.4555017844886,1.26998786891664,32.4644315709087,100,0.0000153118846216435,0.00000682408936105193,0,"mid"
"48015","Austin TX",30167,24878,13,6,0,0.0202186670954257,0.0376178476815423,0.000553031456169292,0,78133.824283059,13.8027188928799,24.5843508698381,25.7290524897558,8.52119502626837,23.2149193482226,82.5,0,0,0,"low"
"48017","Bailey TX",6904,6621,6,1,0,0,0,0,0,70528.6484238179,13.0860766956008,16.7125460172459,63.3566420899645,0.531886677814103,4.00658803115284,95.9,0,0,0,"low"
"48019","Bandera TX",20851,220,7,1,0.0000412087912087912,1,3,0.000364835164835165,0,67937.9885856793,16.4534955531144,25.8164490822114,19.3152072357614,0.97623705217045,23.8916090502572,1.1,0.0000412079421498805,0.0000412087912087912,0,"mid"
"48021","Bastrop TX",97216,97216,15,15,0.0361856042812837,0.645223008558262,0.970556000510912,0.00138485636934699,0,84595.826304312,11.2587481953503,23.5630219460307,42.468365003101,6.24835619103352,64.9568465796583,100,0.0355462825026662,0.0174051978611062,0.019,"high"
"48023","Baylor TX",3465,0,2,0,NA,NA,NA,NA,NA,42469.8072150072,20.6679162872609,28.140759017188,13.5777483354605,0.747093187824154,1.56928410433469,0,NA,NA,NA,NA
"48025","Bee TX",31047,28103,11,4,0.189882302813637,0.966409280148027,2.73211946494442,0.00613360819880023,0,57442.854671949,17.460897959477,11.1050653954439,62.2410480480061,6.12955308825749,18.3456520844499,90.5,0.173854397033372,0.150907155323366,0.039,"high"
"48027","Bell TX",370647,370647,22,22,0.185587438569912,1,4.42112295184137,0.0108397638282836,0,68456.0903770974,14.6845679414008,26.8461871974914,25.8941677216683,21.7378396938473,365.483658812549,100,0.170238380505171,0.159346958119443,0.026,"high"
"48029","Bexar TX",2009324,2009089,78,77,0.0000489266811880472,0.984500437760597,2.94177539294032,0.000360435535641521,0,75433.6926822227,14.7578433153235,31.2377244178181,59.4345209002413,7.21391223248015,1268.50058798709,100,0.0000489254843170203,0.0000884899609289122,0,"mid"
"48031","Blanco TX",11374,6461,8,4,0.0386541857808839,0.984058195325801,1.79831968924139,0.000947272533160702,0,86616.9174360795,8.79617464333446,36.0009568258419,17.4755423817088,0.902283362678226,12.0599326931101,56.8,0.0379258230110242,0.0365673969196967,0.002,"high"
"48033","Borden TX",630,98,9,4,0.33341253683318,0.979591836734694,3.46873647298966,0.0131876061808261,0,65174.9666666667,5.67869042285728,29.0869189934936,32.0017415896737,1.57690706833285,1.59037024579872,15.6,0.2877414733124,0.289025670191277,0.044,"high"
"48035","Bosque TX",18235,10390,11,3,0,0.299037536092397,0.297868738457066,0.000985038430463489,0,70749.4349876611,9.10836725457903,22.6693126647058,17.6350090183254,0.801001247233215,8.9991080854509,57,0,0,0,"low"
"48037","Bowie TX",92893,92893,10,10,0,0.719171519920769,0.312135612828494,0.000858241528728851,0,57082.2240857761,16.5224026089458,21.6527124753337,8.31898367592158,24.697906167747,120.120375468043,100,0,0,0,"low"
"48039","Brazoria TX",372031,366071,21,14,0.0162901692161851,0.758036009408011,3.84388302691898,0.0240565755853133,0,97905.9462932322,7.29026437724549,32.3546573546744,31.1207017016646,15.0855190903593,472.669540719074,98.4,0.016158908002711,0.0329214728544372,-0.017,"high"
"48041","Brazos TX",233849,233849,11,11,0.000381592606404826,0.78918019747786,1.85167912616357,0.00495162866175871,0,63945.1497121433,24.4601293508363,44.2826401446602,27.0825612240643,10.3999003613508,1212.34360309641,100,0.0003815198184625,0.000205197406028614,0,"high"
"48043","Brewster TX",9399,8092,5,2,0,0,0,0,0,53126.5369623656,8.71724577655384,40.0355499775743,43.0318554765807,0.372862755385233,38.5009148099863,86.1,0,0,0,"low"
"48045","Briscoe TX",1434,34,4,1,0,0,0,0,0,41418.9414225941,14.9394245652641,16.2161380966131,28.5020594486775,4.10647985234485,0.896328568321448,2.4,0,0,0,"low"
"48047","Brooks TX",7070,6693,2,1,0,0,0,0,0,32636,29.9422267547467,14.0115639495353,89.5630714398755,0.631624842909628,7.11611537336363,94.7,0,0,0,"low"
"48049","Brown TX",38095,37844,10,8,0,1,1.37264281608112,0.00424257485934774,0,56130.6873060088,14.5812586470539,19.9123662561429,22.2578242322853,3.27483362789918,21.5875317245644,99.3,0,0,0,"low"
"48051","Burleson TX",17642,11942,7,3,0.000087798296791828,1,0.21278431816757,0.00017828329943323,0,75607.679952104,12.7412801827154,22.8416766559297,22.2189730286791,10.7981517496478,11.4974533355172,67.7,0.0000877944427469523,0.0000856741598346926,0,"mid"
"48053","Burnet TX",49130,39421,13,9,0.0108153978081401,0.974328403642729,2.1833658587229,0.0047549347054024,0,80329.1685420995,7.92922279109788,30.9576651346317,22.2903462225533,1.41382341873684,32.1537759110311,80.2,0.0107573297044997,0.0131489593067768,-0.002,"high"
"48055","Caldwell TX",45883,45239,14,12,0.00681922094576255,0.819602555317315,2.05573143187773,0.00208957293779262,0,68774.4003443541,12.9329385722569,17.1279972608812,56.3719145719158,3.5133369469993,50.0319502568325,98.6,0.00679607522289556,0.00479777557922428,0.002,"high"
"48057","Calhoun TX",20106,16700,6,2,0.474631306965519,0.996347305389222,7.24537086729344,0.0361482881622085,0,73015.7044663285,8.69005316956051,17.3101137606223,49.0677166851323,2.4271569180637,20.0796219368099,83.1,0.388407997166922,0.465662960862426,0.009,"high"
"48059","Callahan TX",13705,10622,9,6,0.951011306276356,1,7.13415786156226,0.0542985496591284,0.836471474298625,67165.4485224371,10.2399319495744,22.6831498118215,12.430980231373,2.56485163159237,12.7071368671679,77.5,0.668347856742766,0.761152142649443,0.19,"high"
"48061","Cameron TX",421017,413488,17,13,0.212927456537757,1,5.93128763020573,0.0199261995369802,0.505023120380761,52383.6778379254,24.562269370556,20.3111103636361,89.4261789374354,0.439530499788618,324.580139767913,98.2,0.193036823175796,0.13499072216145,0.078,"high"
"48063","Camp TX",12464,12464,2,2,0,0.907012195121951,0.628978135856728,0.000637109691249116,0,56102.887195122,21.4277474792978,19.0934231816152,26.2873198045979,13.1199144761515,21.6077351871138,100,0,0,0,"low"
"48065","Carson TX",5799,597,6,2,0,0.0971524288107203,0.0971524288107203,0.0000257453936348409,0,82622.4740472495,7.51381445672355,24.721700820184,10.5313670641787,0.80172040472125,4.97681094057397,10.3,0,0,0,"low"
"48067","Cass TX",28454,24498,15,9,0.0000019405844952945,0.218344354641195,0.108891261380373,0.000844611846222222,0,55921.2115147022,17.0889429559359,17.4361411215182,5.26000699101052,15.5230057860276,17.4088181560951,86.1,0.00000194058261236284,0.00000443627118042747,0,"mid"
"48069","Castro TX",7371,5399,10,4,0,0,0,0,0,65794.7283630912,13.3131591575621,22.44251594863,65.9964143894305,1.12302764322387,4.78212126655584,73.2,0,0,0,"low"
"48071","Chambers TX",46559,45825,11,10,0.203949377582017,0.926677577741408,4.25970492798755,0.0227692343108593,0.661407528641571,103945.433052962,12.9544701390522,22.3849605068642,26.8020768083331,8.98873236876582,121.120224519569,98.4,0.185607300805045,0.0644536305671405,0.139,"high"
"48073","Cherokee TX",50412,48506,12,8,0.0000370009429321222,0.69861460437884,1.09789853853899,0.000777530624029915,0,60977.7464307019,17.5724116613711,19.9575708024315,23.7996417379425,13.4620661961027,28.9952498432339,96.2,0.0000370002584141184,0.0000223451788791046,0,"mid"
"48075","Childress TX",6664,6606,5,1,0,1,3.75869859918662,0.00854293944871216,0,60054.501959602,9.85808061636172,11.6889059442412,33.6590493741173,6.56733481970091,2.98588952040428,99.1,0,0,0,"low"
"48077","Clay TX",10218,3717,9,4,0,1,2.92305622814097,0.0189616807040957,0,70752.6226267371,10.5376287798181,25.5269998867726,7.453472103899,2.03184046290877,8.28928784363262,36.4,0,0,0,"low"
"48079","Cochran TX",2545,7,4,1,0,1,1,0.000525,0,43132.4987922705,27.9214682483241,11.3088909558995,56.9395028797052,4.38001521333405,1.88039430262984,0.3,0,0,0,"low"
"48081","Coke TX",3275,1215,4,1,0.15,1,2,0.0058,0,51355.773129771,13.1006591736198,22.0740521921326,20.0269902546941,1.57552916807514,1.43018630556094,37.1,0.139761942375159,0.15,0,"high"
"48083","Coleman TX",7684,7684,14,14,0.00521330553016002,1,1.03658868980284,0.00259241745712819,0.0049453409682457,52626.5320668283,14.9740256945812,18.0311666411566,16.3580125558912,3.61161944895572,3.62307571390074,100,0.00519976329901927,0.0233538307897535,-0.018,"high"
"48085","Collin TX",1064465,1060264,40,39,0.00726879628120338,0.999775527604446,3.37934153206458,0.0138765411996468,0,122098.839370012,6.25096897217476,54.6010958141084,16.0391681595846,10.5233233778959,1234.80884068833,99.6,0.0072425059042384,0.00506641776149032,0.002,"high"
"48087","Collingsworth TX",2636,0,6,0,NA,NA,NA,NA,NA,53275.3636010865,26.373085899314,24.4394757531011,33.3798455387014,7.46907511444657,2.26640700608601,0,NA,NA,NA,NA
"48089","Colorado TX",20557,15267,18,5,0,0,0,0,0,70928.0885438091,11.2361406078633,23.462990097645,31.1297189413199,12.1425937317159,12.4637390193422,74.3,0,0,0,"low"
"48091","Comal TX",161501,161501,14,14,0.0386208758424951,0.999591333799791,2.43938547172211,0.00126733662020542,0,104890.61387236,6.20597481902565,41.9073026012772,27.702760697096,2.75558439272544,207.537673158176,100,0.0378937522092252,0.0350498534069123,0.004,"high"
"48093","Comanche TX",13594,8457,14,6,0,1,1.13444483859525,0.00534864362855229,0.114934373891451,63011.2807110841,14.9327167987318,20.0290892520955,30.888137137954,0.545525539014626,7.40522690674154,62.2,0,0,0,"low"
"48095","Concho TX",3303,972,8,6,0.0689,1,4,0.00481666666666667,0,55559.7404255319,14.7396401299719,12.4787619846934,33.9133458678779,4.39019745667071,1.74835122940564,29.4,0.066630082297763,0.0689,0,"high"
"48097","Cooke TX",41668,37461,16,11,0.000000686515041665427,0.840741037345506,1.08321029164663,0.000727324596293537,0,74592.0859786135,13.9356574417908,24.2688624174026,20.6362270083664,3.3460286854971,28.5785950875711,89.9,0.000000686514806014084,0.00000346720645153478,0,"mid"
"48099","Coryell TX",83089,76355,17,12,0.14263861398427,0.999607098421845,3.55513815798193,0.00714202805477534,0,68191.0531668617,9.84970055927084,20.1589453939986,20.4551455004279,12.6839900351775,247.284113814341,91.9,0.133340161577268,0.0549684249178547,0.088,"high"
"48101","Cottle TX",1377,52,4,1,0,1,3.75869859918662,0.00854293944871216,0,39389.0441176471,25.3843123348259,22.565598105501,29.9900501168763,5.61742263124972,0.653400554312153,3.8,0,0,0,"low"
"48103","Crane TX",4675,179,2,1,0.454425,1,3,0.009725,0,61044.9486631016,8.17319516304748,14.32535645308,69.6397246575385,1.75677576595367,4.15130070101987,3.8,0.374610633512266,0.454425,0,"high"
"48105","Crockett TX",3098,3005,5,1,0,0,0,0,0,106359.625887669,3.85894446987581,9.07632566395795,64.130621006167,0.708318677043252,0.527734607229472,97,0,0,0,"low"
"48107","Crosby TX",5127,52,9,2,0,1,1,0.00245944614569824,0,56140.8937000195,21.2029807988153,15.0314549125353,53.7837841761246,2.1914671632143,3.09983663112195,1,0,0,0,"low"
"48109","Culberson TX",2103,0,2,0,NA,NA,NA,NA,NA,43412.5392296719,17.6702338322581,16.4266977401041,85.6960506469102,0.182099415973607,1.79337060312848,0,NA,NA,NA,NA
"48111","Dallam TX",7115,6366,4,1,0,0,0,0,0,78094.920062033,8.77399739324233,19.0393771601479,43.3378785456626,3.10997823334755,2.01636081958141,89.5,0,0,0,"low"
"48113","Dallas TX",2613539,2568314,92,90,0.0490486602397632,1,6.66542205211205,0.0295077035217615,0.0677109574608089,78320.1190538959,13.844297588788,33.7934769140016,40.3260014203421,22.279670622736,1619.67777847773,98.3,0.0478837156021396,0.0391899669774689,0.01,"high"
"48115","Dawson TX",12456,11760,4,1,0,0,0,0,0,56550.9515895954,17.9272606071298,14.0139130637437,54.5832934271063,6.45162982890482,5.51009516497997,94.4,0,0,0,"low"
"48117","Deaf Smith TX",18579,18246,6,2,0,0,0,0,0,54290.3917107965,16.060503081925,11.5596729567559,75.9551495007479,0.792048833269814,6.18779278491181,98.2,0,0,0,"low"
"48119","Delta TX",5230,231,7,1,0,1,0.657069919160403,0.000709635512693235,0,66097.9838308458,13.8427341398372,21.1849725595368,9.5469593907538,9.29127846731702,12.2455974474595,4.4,0,0,0,"low"
"48121","Denton TX",906422,899066,40,37,0.0406654494280609,0.999924365953111,4.35625048477564,0.0149297529609635,0,113902.582369416,7.28289691335433,48.26303352002,20.3337701126304,10.3756554380875,1104.8283771774,99.2,0.0398603637525,0.0881941267477055,-0.048,"high"
"48123","DeWitt TX",19824,15623,9,5,0.000000685098244772852,0.0232989822697305,0.0506578059899668,0.000132148828829416,0,62301.9336662631,15.3404368112853,16.4315937041342,36.6732312939364,7.08970491371902,9.71065442195092,78.8,0.000000685098010093156,0.00000307845294393181,0,"mid"
"48125","Dickens TX",1770,0,6,0,NA,NA,NA,NA,NA,49108.9508474576,14.2101248454355,17.9630580208505,28.9925020814379,1.49174489832443,0.765764704970881,0,NA,NA,NA,NA
"48127","Dimmit TX",8574,7117,6,3,0,0,0,0,0,35269.7579892699,44.5977608299091,11.1018133710548,87.079016492141,0.690133449015753,5.08900296694676,83,0,0,0,"low"
"48129","Donley TX",3258,0,6,0,NA,NA,NA,NA,NA,56404.7809762203,8.62105136156842,17.0518548307686,12.0601450752429,5.21477278199347,1.34821593499443,0,NA,NA,NA,NA
"48131","Duval TX",9825,4907,8,3,0,0.0228245363766049,0.0228245363766049,0.000223680456490728,0,48980.8069211196,27.1391446569327,8.20672091391572,82.6651683191011,0.667865380847062,3.60028404065163,49.9,0,0,0,"low"
"48133","Eastland TX",17725,10966,9,2,0,1,1.50601860295459,0.00890659766551158,0,52726.9366075541,14.1305876175393,22.5544826063741,15.557829861885,2.23821861333023,8.53339657764728,61.9,0,0,0,"low"
"48135","Ector TX",165163,161870,11,6,0.455248558446849,1,3,0.0100469672940358,0,71796.9209407146,15.3869988338444,16.6272821676796,62.0393176416515,4.55995915239741,463.74069118896,98,0.375176716581242,0.454953039819666,0,"high"
"48137","Edwards TX",1422,0,4,0,NA,NA,NA,NA,NA,34015.9594491201,25.6939530632904,21.2394270099385,46.413171330176,1.63559091058253,0.354332889108787,0,NA,NA,NA,NA
"48139","Ellis TX",192455,186699,20,13,0.00272480201521817,1,4.43330621173077,0.0144904797288377,0.232250842264822,95745.9374087449,8.43228482029228,28.0450710133504,28.0257147972828,14.3070972640738,172.999079260044,97,0.00272109647192876,0.00201696212910577,0.001,"high"
"48141","El Paso TX",865657,661780,31,22,0.0223853992616353,0.994502704826377,5.04218824157174,0.00189385706301365,0.00969506482516849,59731.2246274859,19.0361323228104,25.2120524436831,82.7923522404163,2.89817769102164,962.868368452926,76.4,0.0221385236917777,0.0152082999272067,0.007,"high"
"48143","Erath TX",42545,39119,13,4,0,0.204376389989519,0.397683989877042,0.0026678426723587,0.193307599887523,63896.7847890986,15.9484693624505,32.3305934787811,22.0054408089322,1.46369388889993,267.282490239209,91.9,0,0,0,"low"
"48145","Falls TX",16968,15333,17,15,0.00905664462300849,0.907976260353486,0.914095062051061,0.00157184982617287,0,52893.651642292,16.1128865189338,14.7896213978504,26.4059822161579,21.0707463881213,14.3827881183709,90.4,0.00901587916440679,0.0124561276311385,-0.003,"high"
"48147","Fannin TX",35662,35184,19,16,0.000000597286360184639,0.451568894952251,0.214165694792473,0.000416060056040041,0,68492.4636458835,15.1929866304949,19.5872575218084,12.9710100402538,6.23080545696334,28.5272934614226,98.7,0.000000597286181809212,0.00000188470672781819,0,"mid"
"48149","Fayette TX",24435,23576,15,12,0,0.451772989480828,0.0883459153645599,0.000113492456069308,0,76818.2755882955,8.97566609427032,26.792824527702,21.2111496953885,5.96066067003342,12.2226881722843,96.5,0,0,0,"low"
"48151","Fisher TX",3672,2167,9,2,0,1,1,0.00676894323950162,0,62142.811827957,11.9810765879776,17.688690960147,29.8093438227708,4.36143551995183,3.39134827516873,59,0,0,0,"low"
"48153","Floyd TX",5402,0,7,0,NA,NA,NA,NA,NA,55684.6973043804,17.217893383991,17.0353202730585,56.9442874902637,2.44504176293735,2.2789722964723,0,NA,NA,NA,NA
"48155","Foard TX",1095,10,3,1,0,0,0,0,0,42941.1936073059,19.4658700550484,14.2993964545388,10.5482771350472,0.354525568857328,0.658614445961494,0.9,0,0,0,"low"
"48157","Fort Bend TX",822779,815321,35,25,0.0144838291627828,0.949676262478214,3.28805173407391,0.0261132974421484,0,116372.378948701,7.63008631934936,48.3278012063497,25.0023389827887,20.1749568622345,1046.49308969776,99.1,0.0143799404452919,0.0139468411003039,0.001,"high"
"48159","Franklin TX",10359,8766,7,5,0,0.773100616016427,0.773100616016427,0.000970098378348738,0,66295.2830243618,10.9328758808721,25.678322112349,16.4829879743078,5.5647476627803,18.479815750414,84.6,0,0,0,"low"
"48161","Freestone TX",19435,17840,9,7,0,0.095067264573991,0.285201793721973,0.000798565022421525,0,55999.5234403267,16.7262742850615,15.8387664031253,19.0552785468729,13.2518576212101,10.8562089630786,91.8,0,0,0,"low"
"48163","Frio TX",18385,17323,5,4,0,0,0,0,0,50829.0504759315,20.2884131187664,12.0781273968143,75.6262541909488,3.78977016992066,6.78105137024347,94.2,0,0,0,"low"
"48165","Gaines TX",21598,18688,5,3,0,0,0,0,0,81244.3954532827,7.80426977908205,8.80974898544551,36.6718871618634,2.04640461532237,7.05745126646944,86.5,0,0,0,"low"
"48167","Galveston TX",350681,312962,19,16,0.0202133558728492,0.981854027006474,4.53504960935115,0.046272985475761,0,90027.5572130082,11.3374265301824,33.8628883961691,26.4674774943106,12.1358767213257,855.879079132682,89.2,0.0200117778470402,0.00710895515908421,0.013,"high"
"48169","Garza TX",5816,5631,4,2,0,1,1,0.00257311717943676,0,48560.9489994687,13.8947270687352,11.2444764438756,48.9184585224441,10.0237637500241,2.5784578076315,96.8,0,0,0,"low"
"48171","Gillespie TX",26725,23481,7,2,0,0.0390954388654657,0.0276900483509505,0.00000443040773615209,0,67625.4725163704,9.36406711849088,35.053416436887,22.8939063667724,0.237728186653478,12.8602302992563,87.9,0,0,0,"low"
"48173","Glasscock TX",1105,226,4,2,0.522849070830901,1,4.5190414443084,0.0201081123527011,0,109759.967420814,8.90932269540333,37.8122006898771,32.231352446155,1.04079346797138,3.2899544017187,20.5,0.420582969088253,0.546405078723211,-0.024,"high"
"48175","Goliad TX",7012,1108,6,1,0,1,0.99940273547154,0.00149910410320731,0,61458.1350943396,10.8353061044675,19.1736518668278,34.0798922967071,5.70058742038984,5.15032539084524,15.8,0,0,0,"low"
"48177","Gonzales TX",19653,19572,15,13,0.000145843474608753,0.987993051297772,2.52939351060252,0.0245461947887913,0,61129.2463003738,14.7102821345868,12.3036632697312,51.092041519499,6.18966420225107,9.15784298438198,99.6,0.000145832840483143,0.0000932008501883235,0,"mid"
"48179","Gray TX",21218,19670,9,2,0,1,1,0.00032,0,56172.7990749044,16.078748849253,15.5706341697859,30.6780721218911,4.4135295600071,13.9600935186008,92.7,0,0,0,"low"
"48181","Grayson TX",135543,132341,21,18,0.039573001337454,0.701430395720147,1.75954595696643,0.00219337629481592,0,72067.9772028065,11.4465990203198,23.5788240147851,15.7356449822204,5.17654029565876,87.4510891060036,97.6,0.0388100532069633,0.0361383823044528,0.003,"high"
"48183","Gregg TX",124239,124130,10,9,0,0.143986143559172,0.0603979260558344,0.0000589205810029056,0,67910.0958797157,15.882348858533,22.5099045200441,18.5882786434257,17.4384445985655,225.159219701288,99.9,0,0,0,"low"
"48185","Grimes TX",29268,24743,12,7,0,0.970375459725983,0.820034899356362,0.00120760293774066,0,70508.0657079267,13.1640682684766,20.7308010380986,24.5608453958516,10.8972415486469,20.0134133167065,84.5,0,0,0,"low"
"48187","Guadalupe TX",172706,170231,14,12,0.00898537509476616,0.989443755837656,1.860090450452,0.00153098758909547,0,89847.2695447755,9.83742479546502,32.3082266037618,38.0684522173253,7.85324534244538,341.565162073112,98.6,0.00894524681128867,0.00497284675059487,0.004,"high"
"48189","Hale TX",32519,25590,10,1,0,1,1,0.000441666666666667,0,52904.9346455482,19.3107760383992,15.1261480945434,61.4772908467693,4.22985416076516,20.7262996591619,78.7,0,0,0,"low"
"48191","Hall TX",2821,20,7,1,0,1,3.75869859918662,0.00854293944871216,0,48570.9304316803,15.8186340324185,17.6493511012114,34.1220001478882,4.82465799913808,2.53917828163573,0.7,0,0,0,"low"
"48193","Hamilton TX",8222,5164,10,4,0,1,2.88779319214695,0.0114943890733705,0,59748.4177199656,16.577231738423,23.2758617937309,14.0265754804301,1.35250553627779,4.5575472114629,62.8,0,0,0,"low"
"48195","Hansford TX",5285,3609,3,1,0,0,0,0,0,71125.5564806055,7.55761482757834,28.9708004715489,49.5975160090998,0.246735714760432,1.64438194228388,68.3,0,0,0,"low"
"48197","Hardeman TX",3549,0,2,0,NA,NA,NA,NA,NA,62525.4792899408,12.8844470491318,14.9412103188748,26.9177391675214,2.85904898326178,1.95299475022464,0,NA,NA,NA,NA
"48199","Hardin TX",56231,50362,12,8,0,0,0,0,0,80366.2244163192,12.1700421285398,21.0455710983873,6.42955349239897,5.44504708472111,72.247957248041,89.6,0,0,0,"low"
"48201","Harris TX",4731145,4726095,143,141,0.0174393444096586,0.953954163003494,3.51432359161225,0.00447958800799852,0.0308999290111604,79208.3966095922,15.9354395945233,32.6568889381251,43.4502918000355,18.7400650537865,1634.63853484097,99.9,0.0172890241839249,0.0214871472150224,-0.004,"high"
"48203","Harrison TX",68839,68611,13,11,0.0000160839907117618,0.738482167582458,0.821943290865869,0.00244803055125115,0,62540.1060034105,18.8685679759679,21.133917024124,17.0829993496997,22.1338018267305,74.859180932018,99.7,0.0000160838613657701,0.0000427806572067145,0,"mid"
"48205","Hartley TX",5380,4473,4,2,0,0,0,0,0,76788.7953907816,10.4290836941854,19.2549024796237,43.0700313950461,2.78174831768903,1.92001969526323,83.1,0,0,0,"low"
"48207","Haskell TX",5408,3672,11,1,0,1,1,0.00796666666666667,0,55529.6597633136,13.5050218832797,22.4734562665279,25.7468448858652,6.05262379690118,3.67808791949154,67.9,0,0,0,"low"
"48209","Hays TX",241067,241027,14,13,0.0630010942588134,0.939658212565397,2.99336564138089,0.00417704894077088,0,93401.1354229322,12.7054233789699,40.174224132289,40.069746642289,3.82535600538374,200.545895838209,100,0.0610961287655025,0.0383120255678796,0.025,"high"
"48211","Hemphill TX",3382,0,4,0,NA,NA,NA,NA,NA,72175.0595060994,4.45307328063523,25.2334091742797,32.6220540394044,0.321550746554184,1.35197826690555,0,NA,NA,NA,NA
"48213","Henderson TX",82150,65442,16,11,0.00225193078715662,0.410546743681428,0.552872444547069,0.00289083266688166,0,65855.0265124772,13.8433876055528,19.6669384535634,13.7867070506291,5.38073971989469,66.2665296325283,79.7,0.00224939899126186,0.000501169689324987,0.002,"high"
"48215","Hidalgo TX",870780,834800,30,26,0.0693140378488868,0.980087446094873,4.21286630231206,0.0107327312624668,0.0447160996645903,52436.6234315457,27.3132822056286,19.7809521158479,91.9649232113282,0.541786205826011,602.032290311516,95.9,0.0670173567677017,0.11831465331282,-0.049,"high"
"48217","Hill TX",35874,29687,19,8,0.000277560240577938,1,2.93653147386912,0.00328658963902725,0,62424.3566928695,14.5648509039074,18.4418524793976,22.0831008887293,5.71450262547485,21.4562425648011,82.8,0.000277521727860598,0.000272337789271537,0,"high"
"48219","Hockley TX",21537,17097,11,4,0,0.990290694273849,0.990290694273849,0.000728747733520501,0,56444.8577332033,13.2603830634244,18.9149782099645,50.1660848373031,2.82978384626928,18.0099976258552,79.4,0,0,0,"low"
"48221","Hood TX",61598,57429,8,5,0.0251372893297943,0.476797436835048,0.348663206048849,0.00117379800679376,0,86670.2049741875,8.17481192839954,32.1967859816619,13.5592607080708,0.730860486007328,97.4599009605937,93.2,0.0248265444306575,0.0196703574217517,0.005,"high"
"48223","Hopkins TX",36787,34649,13,11,0.0000815694259211414,0.00741724147883056,0.0277754749610873,0.0000930084167385886,0.000952408438915986,64607.1353760904,12.509775769882,19.8610158397281,17.8583948175436,7.08746975401146,26.1242438607193,94.2,0.0000815660993164171,0.000211362838751876,0,"mid"
"48225","Houston TX",22066,21976,8,7,0,0.937158718602111,0.206753337954286,0.000175740337261143,0,55563.7798052421,16.3061462905124,16.2143714638684,13.9378276514427,21.0123703846195,8.02726004864092,99.6,0,0,0,"low"
"48227","Howard TX",34854,32833,6,2,0.59502868166281,1,4.70891679556731,0.0220531416642615,0,72449.8637705609,14.9401522942797,15.190606150363,47.633469334451,4.89943591487119,241.636366045894,94.2,0.466891718308866,0.503113634546558,0.092,"high"
"48229","Hudspeth TX",3159,236,6,1,0.0248271244787819,1,5.96973563497169,0.00194697157935807,0,48956.3309583185,22.7454961847106,7.55572182899753,76.5826942722182,0.969265840884112,9.27055760251368,7.5,0.0245239393207445,0.0248271244787819,0,"high"
"48231","Hunt TX",99956,97004,18,15,0.0477763657607623,0.964053028741083,3.5639329076487,0.0116217522031218,0.217558038843759,73003.4330295056,12.5438516677227,21.9737274314487,21.3533730914565,8.02575210519524,70.227450617306,97,0.0466701716780012,0.0353798563417834,0.012,"high"
"48233","Hutchinson TX",20586,17820,7,3,0,0,0,0,0,63839.941539525,11.9551438203819,15.577680531042,24.423835250798,2.2490215966794,86.1354952084064,86.6,0,0,0,"low"
"48235","Irion TX",1491,114,4,2,0.091775,1,3.71052631578947,0.0051671052631579,0,58922.8832997988,8.16735294676468,23.1067515989504,32.4694365880233,0.245749626736878,3.558502505313,7.6,0.0878048121366972,0.126855179688227,-0.035,"high"
"48237","Jack TX",8472,6732,11,6,0,0.998366013071895,1.89141414141414,0.00724476519390623,0,65901.281279509,13.8298016148247,15.5154799074972,19.4755064395356,3.49913999469896,6.13568277602592,79.5,0,0,0,"low"
"48239","Jackson TX",14988,9603,10,3,0.00377009500125495,0.00791419348120379,0.0575514848855213,0.0002871333569957,0,63229.9383250825,14.879186841309,15.9169958673671,35.2747101971035,5.97718350740242,8.78797999842144,64.1,0.00376300600496879,0.0335342418280851,-0.03,"high"
"48241","Jasper TX",32980,30399,9,6,0,0.0185861377018981,0.01106379873032,0.00000977302221178263,0,54233.7859267208,21.6178297461452,12.1211201428038,6.48585840287117,14.8496719142537,14.410796615144,92.2,0,0,0,"low"
"48243","Jeff Davis TX",1956,0,2,0,NA,NA,NA,NA,NA,38763.1978527607,31.1107491201233,30.4441009093033,31.1801372040529,0.63023269351475,0.45547071321334,0,NA,NA,NA,NA
"48245","Jefferson TX",256526,254134,18,15,0,0.46479416370891,0.247434548281489,0.000439622617312845,0,61469.2384319718,19.1324393241619,19.2637556061088,23.6654129742519,32.919807599487,567.317176314777,99.1,0,0,0,"low"
"48247","Jim Hogg TX",4838,4816,2,1,0,0,0,0,0,42050,31.4969169609769,18.19921199062,78.2688754608163,0.104476560284537,2.01364845524065,99.5,0,0,0,"low"
"48249","Jim Wells TX",38891,28261,8,4,0,0.959520186829907,0.959520186829907,0.00939526025264499,0,49306.4901648196,24.7044111479026,13.3142077897527,79.1793830231266,0.375005239801556,18.419419780545,72.7,0,0,0,"low"
"48251","Johnson TX",179927,179713,16,14,0.159361934751414,0.998341800537524,4.39390474131434,0.0113108535518112,0,83489.2245361226,10.9722565483303,23.1309800026045,25.4595767313342,5.09058813258366,216.925122524538,99.9,0.147869797533055,0.0509413404613919,0.108,"high"
"48253","Jones TX",19663,9434,10,2,1.81819292342414,1,9,0.0901085758073634,1,60627.3010987893,17.6415829023579,17.2957041736694,26.0142190906866,5.85342213226633,17.5818591128111,48,1.03609587224887,1.78965227413223,0.029,"high"
"48255","Karnes TX",14710,13381,10,7,0,0.0734623720200284,0.0345800246679313,0.000494237939379429,0,56344.2343835243,22.9640515228588,15.7331924153897,54.6954095789956,6.8770149040245,7.41416211299379,91,0,0,0,"low"
"48257","Kaufman TX",145310,145052,13,12,0.0500760612834397,1,4.1652555001994,0.0118929891910736,0.224698728731765,88505.0970064001,10.1029512471487,25.4067349945603,26.8912810505645,15.9741956691902,192.843259177924,99.8,0.048862600863393,0.0554776202186668,-0.005,"high"
"48259","Kendall TX",44279,39009,9,5,0.00252492272124838,0.986746648209388,2.95638763080412,0.000425719820736553,0,112422.201797275,5.32883733545822,49.9537210360658,22.9057611786459,1.03142345199603,72.2391034877595,88.1,0.00252174045939217,0.00753203856197436,-0.005,"high"
"48261","Kenedy TX",338,29,3,1,0.0123221367512,1,4.75256873242987,0.00415050934143918,0,45074,8.03624480095068,10.5176838835416,89.9642749940786,0.217448940317086,1.80495530218375,8.6,0.0122468371610089,0.0123221367512,0,"high"
"48263","Kent TX",753,58,4,1,0,1,1,0.008,0,65315.4727755644,8.55269028830842,27.0769542123949,15.0381007834307,0.511478981787466,1.07391989449752,7.7,0,0,0,"low"
"48265","Kerr TX",52598,43228,11,2,0,0.922342000555196,0.653265325384181,0.000104522452061469,0,67326.0326101424,11.7192294908481,31.1103383961347,26.1942906855675,1.51225296922607,50.6040898457048,82.2,0,0,0,"low"
"48267","Kimble TX",4286,140,6,1,0,0,0,0,0,63026.9537232793,17.9608622969507,26.9223466250215,25.1056135861204,1.57620584619641,1.80098767513891,3.3,0,0,0,"low"
"48269","King TX",255,0,2,0,NA,NA,NA,NA,NA,55304.0274509804,19.2168237782529,34.8597173106004,27.0867194568636,1.62599420173246,0.330111071468519,0,NA,NA,NA,NA
"48271","Kinney TX",3127,0,1,0,NA,NA,NA,NA,NA,66341,11.3114174620007,19.5217561740494,53.4394904458599,0.0955414012738854,1.13173557509515,0,NA,NA,NA,NA
"48273","Kleberg TX",31037,29413,4,3,0.000104642822227152,0.99945602284704,3.76775357447454,0.00268669948046065,0,57685.7244901247,29.0064448067176,23.6207224105752,71.3894950284376,3.25602910660922,69.7892722743162,94.8,0.00010463734754895,0.000075651633814838,0,"mid"
"48275","Knox TX",3353,0,6,0,NA,NA,NA,NA,NA,50818.6832158872,12.6896349032106,16.0393426202582,32.9907645733965,3.94437569453167,4.17359437204784,0,NA,NA,NA,NA
"48277","Lamar TX",50088,46428,14,13,0,0,0,0,0,61240.1060851481,18.7166762017813,20.7498747794177,9.18549638030159,12.2796938194019,50.3693719974317,92.7,0,0,0,"low"
"48279","Lamb TX",13045,6715,13,3,0,0,0,0,0,56786.8467542504,15.4962977249863,14.6786403888502,56.5966089417677,2.72548747927012,5.97950433349897,51.5,0,0,0,"low"
"48281","Lampasas TX",21627,19987,6,3,0.020223147706915,1,3.14211648196357,0.00726328451895848,0,79125.3997318167,9.12701749352216,22.3440707066009,18.9287293309472,4.00783812156096,27.2951058747044,92.4,0.0200213756306995,0.0103584412919677,0.01,"high"
"48283","La Salle TX",6649,5113,5,3,0,0,0,0,0,56152.1832693784,21.2127506746524,9.36140817043442,78.8426678665262,3.32138473050971,2.07316788731708,76.9,0,0,0,"low"
"48285","Lavaca TX",20337,10189,8,4,0,0.395917165570713,0.791834331141427,0.000343953037589557,0,65442.7127523387,9.23282417656275,20.7524834390643,18.9502342212176,4.50791719378567,8.54671537473543,50.1,0,0,0,"low"
"48287","Lee TX",17478,17478,9,9,0.00378283538857714,0.0353587366975626,0.099828698502966,0.000128330764770273,0,66777.6388602815,12.2274011657771,18.8075132188244,27.020016182902,10.8703539701474,15.3339667148787,100,0.0037756984596777,0.00262212035285229,0.001,"high"
"48289","Leon TX",15719,12210,8,6,0,0,0,0,0,61280.3734295643,12.0056591336877,17.2937128148803,13.9945092635977,9.20511855220983,5.80044885579591,77.7,0,0,0,"low"
"48291","Liberty TX",91628,88649,15,7,0,0,0,0,0,66143.0754446831,17.0263040278067,11.9734136929436,35.4812885811687,7.61759813033468,41.8833297719432,96.7,0,0,0,"low"
"48293","Limestone TX",22146,20131,14,7,0.0000857744621577982,0.3298892255725,0.145999084523912,0.000171548924315596,0,56551.8905897228,19.787852741186,18.4709312258952,21.8010875202766,17.757956196199,17.1807380411649,90.9,0.0000857707837389604,0.0000933927243685443,0,"mid"
"48295","Lipscomb TX",3059,1,7,1,0,0,0,0,0,71268.5616214449,12.7240093034843,23.7458566877976,37.0434071871684,0.408195568125759,2.14274991593654,0,0,0,0,"low"
"48297","Live Oak TX",11335,9799,10,8,0.00260666363333511,0.553321767527299,0.412773359212123,0.00153785554235244,0,53179.2772084806,18.8058671234024,15.1966144948756,52.1314405590554,2.93832407919511,6.52831689876922,86.4,0.00260327217799686,0.00647700631634484,-0.004,"high"
"48299","Llano TX",21243,18072,10,4,0.000156674716708131,0.593127490039841,0.967795484727756,0.00246781883966008,0,66354.4084732968,12.1398888044964,31.5659096369508,13.8627614228385,0.981278082051674,45.0639743684644,85.1,0.000156662444506516,0.000123705579095471,0,"mid"
"48301","Loving TX",57,0,1,0,NA,NA,NA,NA,NA,51087,9.25925925925926,0,0,0,0.0465963154460588,0,NA,NA,NA,NA
"48303","Lubbock TX",310639,298299,25,16,0,0.971729707441192,0.971620197793856,0.00397034463251333,0,66982.6900994434,17.4807951598756,33.5759884639168,35.95794684741,6.8098580137835,725.78122068573,96,0,0,0,"low"
"48305","Lynn TX",5596,322,8,3,0,1,1,0.00272909824673555,0,60131.283825394,16.2912960651351,24.8761735858894,41.7483103605581,1.93787061752907,8.36361558477635,5.8,0,0,0,"low"
"48307","McCulloch TX",7630,7016,7,5,0.00432098061573546,0.0627137970353478,0.250855188141391,0.000302071455720258,0,52950.9385953354,13.7159261424378,20.4986250972202,30.2030813368954,0.754855191340992,4.66018844788746,92,0.00431167198430528,0.0231822754650946,-0.019,"high"
"48309","McLennan TX",260579,251490,29,24,0.000834223638602411,0.979716887351386,1.00450221485293,0.00305613046636468,0,65821.9804808877,16.9997734444685,27.7238695076367,26.6921504493538,13.6979083483162,508.589331261896,96.5,0.000833875867461974,0.000416770971709741,0,"high"
"48311","McMullen TX",600,55,7,4,0,0.854545454545454,0.345258141901139,0.00455787280641724,0,46327.249122807,9.86950030317954,20.0494397359657,59.9762547473875,0.11853617020826,1.0702304048697,9.2,0,0,0,"low"
"48313","Madison TX",13455,7280,5,2,0,0.00508241758241758,0.00508241758241758,0.0000141037087912088,0,65914.275287997,14.8728635403484,14.7710936727478,25.6247992356111,16.019420501292,12.6816302236651,54.1,0,0,0,"low"
"48315","Marion TX",9725,7790,7,4,0.000113654851621626,1,1.99090364619086,0.00929120620528169,0,48259.3651413882,19.0602799930821,17.5516849205986,4.50451949221735,18.6721116719823,9.94264562761188,80.1,0.000113648393398312,0.000122215337619209,0,"mid"
"48317","Martin TX",5237,132,8,3,0.378698569981779,0.621212121212121,3.61541863468308,0.0133536056714253,0,92159.0572251956,6.61072615252713,21.0560715355819,48.2972066578012,1.55544414889904,6.58767278426681,2.5,0.321139988972728,0.243089636552176,0.136,"high"
"48319","Mason TX",3953,43,6,1,0,0,0,0,0,74862.0191256831,6.57973761396882,41.0360811820872,21.8893327417426,0.0865132153904469,1.89476314561476,1.1,0,0,0,"low"
"48321","Matagorda TX",36248,32307,14,4,0,0,0,0,0,60203.5733618869,21.2669352863088,23.0300559273021,42.1263362173415,9.96662456114501,15.0764311527769,89.1,0,0,0,"mid"
"48323","Maverick TX",57885,56712,3,1,0,0,0,0,0,52126.1731890092,22.6216542334024,15.3872430742921,94.8596795031123,0.229814957128639,44.7360543425832,98,0,0,0,"mid"
"48325","Medina TX",50748,48243,15,10,0.00000535407518492192,0.129925585058972,0.389776673462316,0.0000474014123038421,0,78018.8704185387,10.7344180492185,23.5834485109156,51.5027497350998,3.61211112026964,63.3117131590336,95.1,0.00000535406085191254,0.00000567925434481264,0,"mid"
"48327","Menard TX",1962,1765,4,1,0,0,0,0,0,46120.9690553746,17.9058709636826,23.4908922547265,29.5589609331301,0.79761993881451,0.734223926060712,90,0,0,0,"mid"
"48329","Midland TX",169983,169660,9,7,0.474927167358175,1,5.04821678088319,0.0168141556876054,0,93404.5036005083,10.8195794520746,30.1911582063015,45.8149238038385,6.54043037907369,426.357950187234,99.8,0.388608610510392,0.135733994114935,0.339,"high"
"48331","Milam TX",24754,24754,14,14,0.0200283950684729,1,1.38754684818961,0.0348275599903624,0,59326.859497455,15.9879017117366,19.4761411922516,26.0302264190513,9.045629204726,12.3359054372221,100,0.0198304652111257,0.0174025908951897,0.003,"high"
"48333","Mills TX",4456,348,9,4,0,1,1.32732836316049,0.00421645624082571,0,63221.0538288288,7.99487587014784,27.0723505249894,19.8796891437622,0.57946177341269,3.23871347943547,7.8,0,0,0,"mid"
"48335","Mitchell TX",8983,8212,3,2,0,0,0,0,0,56606.7700100189,12.7398122890183,14.0787405194509,38.3160404822227,5.78948085728158,4.7079897304654,91.4,0,0,0,"mid"
"48337","Montague TX",19965,11846,10,3,0,0.812932635488773,0.812932635488773,0.00623925797737633,0,63521.8730277986,13.2718461484393,18.0647319636151,11.6618552879551,0.125333357662222,8.71088957614922,59.3,0,0,0,"mid"
"48339","Montgomery TX",620443,612602,27,24,0.00000116301550841536,0.309741071690918,0.110065424926409,0.000134157104662917,0,103522.081399903,9.29621151268864,38.0914003676117,26.9089726747865,5.54023260706473,474.498809992778,98.7,0.00000116301483211335,0.000000564723894696576,0,"mid"
"48341","Moore TX",21325,19370,7,3,0,0,0,0,0,61539.9505911168,15.7163156119081,11.9140165603877,59.6462920249295,4.81950302711299,50.0528052003396,90.8,0,0,0,"mid"
"48343","Morris TX",11973,10465,7,6,0,1,0.861261589772807,0.00155614128770129,0,53213.6786102063,17.5050443139045,15.1303268093051,10.4943535547372,19.9475599477919,20.1828082743177,87.4,0,0,0,"mid"
"48345","Motley TX",1057,24,6,1,0,1,3.75869859918662,0.00854293944871216,0,66887.2497634816,9.31135540888076,22.6858331366278,9.25546406373086,2.82011005432111,1.08808378690422,2.3,0,0,0,"mid"
"48347","Nacogdoches TX",64653,57387,10,5,0,0,0,0,0,51217.5427702856,22.0951201573884,25.2001022167416,20.6102344627118,17.2666914444406,296.699864825314,88.8,0,0,0,"mid"
"48349","Navarro TX",52624,45105,17,9,0.0000330005880752274,1,3.21859685222409,0.00692235690735626,0,61002.5434753522,16.6644354009199,16.9882554368998,31.2147668296406,10.7311307386273,56.0948717469498,85.7,0.0000330000435678001,0.0000559271120879463,0,"mid"
"48351","Newton TX",12217,4028,11,6,0.00000159715326050976,0.00297914597815293,0.0148957298907646,0.0000128268785170473,0,49590.2299519586,21.106033017963,8.73456080615308,4.69999821178629,18.282350546693,16.0968512530488,33,0.00000159715198506185,0.0000247201206031099,0,"mid"
"48353","Nolan TX",14738,12232,9,1,0,1,1,0.001525,0,50181.7431999455,18.5984331166925,13.7841773198968,36.0890902805807,3.8417837427592,11.0724129375051,83,0,0,0,"mid"
"48355","Nueces TX",353178,351396,27,23,0,1,2.81501614769156,0.012206677827195,0,67711.822309498,17.701586536623,23.5876569003872,61.9298858026932,3.76068257556501,962.635649842987,99.5,0,0,0,"mid"
"48357","Ochiltree TX",10015,9735,5,2,0,0,0,0,0,64891.4700544465,15.5215629608357,19.8413940277648,55.5885638535663,0.0100511990913716,4.23161890702614,97.2,0,0,0,"mid"
"48359","Oldham TX",1751,0,6,0,NA,NA,NA,NA,NA,93169.916374269,11.4800573991937,27.8868116818115,23.641701274194,3.73031912056314,1.22784192511283,0,NA,NA,NA,NA
"48361","Orange TX",84808,84808,4,4,0,0.293569002924252,0.174753271169563,0.000154365389533114,0,75278.555348552,12.9984879005122,17.7198811663592,9.08496041968388,8.26068067717651,100.226391389722,100,0,0,0,"mid"
"48363","Palo Pinto TX",28409,23621,12,5,0,0.89284958299818,0.889716693414106,0.00579418603051727,0,66168.7775704882,16.5022259659025,18.5735091061392,19.7013339587083,2.59686063629444,30.3661183771388,83.1,0,0,0,"mid"
"48365","Panola TX",22491,784,13,5,0,0.0255102040816327,0.0194264770013184,0.0000209566170503232,0,62652.3641057598,11.9871346791315,17.6053699067027,11.2077067032586,11.4266558203923,12.9783485812452,3.5,0,0,0,"mid"
"48367","Parker TX",148222,146384,19,16,0.103915028032778,0.997001038364849,4.18081954039256,0.0144235636136886,0,102633.807474932,8.55789021658176,31.1039743648185,14.2868697080337,1.51548064629067,173.893757829356,98.8,0.0988629775311505,0.0791614634189516,0.025,"high"
"48369","Parmer TX",9869,5605,5,2,0,0,0,0,0,65741.1910606525,9.91360521461345,16.9631661261724,67.6351271980518,0.30750717999719,4.00554488888142,56.8,0,0,0,"mid"
"48371","Pecos TX",14962,13088,6,1,0,0,0,0,0,67772.9749653259,27.1701670181137,13.7936104568678,71.1465681808471,3.68852424412473,3.66679998380202,87.5,0,0,0,"mid"
"48373","Polk TX",50123,42956,9,2,0.242231146632365,0.869564205233262,5.45157799877902,0.0285761923305256,0.869564205233262,59959.9557108618,18.0345370576815,13.5865910964385,14.5608854431346,7.72636768740647,26.2615036193265,85.7,0.216909074594917,0.264863214232721,-0.023,"high"
"48375","Potter TX",118525,94248,17,7,0,0.999978779390544,0.999978779390544,0.000264994376538494,0,56232.427862502,20.9307098370376,17.0679081400004,37.7325070948926,10.370665768383,791.060040997007,79.5,0,0,0,"mid"
"48377","Presidio TX",6059,3717,4,1,0,0,0,0,0,27017.6216306156,38.3091150912484,16.8238773608995,78.9364227191041,0,4.68064244603368,61.3,0,0,0,"mid"
"48379","Rains TX",12164,12148,6,5,0.0427307208800582,0.999259137306552,3.13898085585575,0.00835058246246022,0.314125782021732,64562.7696481421,12.5682394504403,23.5547679762219,9.69027027138853,2.68369831735489,24.6116065228466,99.9,0.0418429651971308,0.0339807987216621,0.009,"high"
"48381","Randall TX",140753,92570,15,6,0,1,1,0.000324803932159447,0,77815.2406571106,9.94590932006416,31.6654041385658,24.5213799558677,3.23417158860855,777.219335107412,65.8,0,0,0,"mid"
"48383","Reagan TX",3374,0,2,0,NA,NA,NA,NA,NA,70014.4048606995,11.1689368127662,16.3319762185676,67.1754751698733,4.86963948747784,1.11115353864015,0,NA,NA,NA,NA
"48385","Real TX",2758,58,8,1,0,0,0,0,0,50623.6699815838,20.3938566846578,23.0001068981178,21.851538386426,1.47805647120525,2.45922877529335,2.1,0,0,0,"mid"
"48387","Red River TX",11587,10983,9,8,0,0.00746608394791951,0.00746608394791951,0.0000171719930802149,0,53454.5216190558,20.3640502766705,15.4387760625693,8.19165678699905,18.2773799861132,4.89381646418999,94.8,0,0,0,"mid"
"48389","Reeves TX",14718,14612,5,3,0,0,0,0,0,56541,21.9290261791483,6.85836681434751,84.6788014962457,1.41293477668381,4.38366182702207,99.3,0,0,0,"mid"
"48391","Refugio TX",6741,0,5,0,NA,NA,NA,NA,NA,58695.0089007566,17.8378067665447,13.6256131881663,50.4146989325412,6.34331775820182,3.87854098619256,0,NA,NA,NA,NA
"48393","Roberts TX",822,105,5,3,0,0.80952380952381,0.80952380952381,0.000259047619047619,0,63967.8333333333,8.57387394075975,18.7513205085489,15.5650671439447,0.47989841337108,2.1214103621972,12.8,0,0,0,"mid"
"48395","Robertson TX",16757,11433,10,7,0.000133097591528105,0.70410216041284,0.912390456498755,0.00121819496544106,0,70839.4300427634,16.4409906359819,19.9806652343113,22.7016306148178,19.3116645865405,12.9703829341679,68.2,0.000133088734829531,0.0000676407081992992,0,"mid"
"48397","Rockwall TX",107819,107684,9,8,0.00792910025461489,1,3.98678744887067,0.0161976828425826,0.00034359793469782,124801.939907507,4.18315260565434,44.4751891896153,18.9723309346396,9.27436903298214,419.453041047941,99.9,0.00789783012641748,0.011543367743881,-0.004,"high"
"48399","Runnels TX",9900,6601,11,8,0.182492604154323,1,3.88713734672623,0.0095541266354482,0,62923.4652932819,10.424143549345,18.6990350320177,33.7803625045249,3.02277817579634,4.89734990244418,66.7,0.167624586949443,0.133333019705174,0.049,"high"
"48401","Rusk TX",52214,49134,20,9,0,0.705906297065169,0.546066867083114,0.000356894731050292,0,67292.0725116378,14.3394443801212,18.5798509657335,19.3088060945006,14.1370207882127,33.807226945039,94.1,0,0,0,"mid"
"48403","Sabine TX",9894,9637,6,5,0.000536111111111111,1,5,0.00430555555555555,0,57817.9623003841,16.1694321743946,17.8829354182902,4.97156608661729,5.24716071580981,8.4958684348442,97.4,0.000535967454890887,0.000536111111111111,0,"high"
"48405","San Augustine TX",7918,6503,4,3,0.000520942043843012,0.971705366753806,4.85852683376903,0.00418373144019,0,49785.4953271028,25.9831016263628,12.4731383428208,8.69482239478308,21.4538816281501,6.13366268255233,82.1,0.00052080640064261,0.000486583606196078,0,"high"
"48407","San Jacinto TX",27402,15829,8,4,0.028381209769353,0.518605091919894,1.01974598260363,0.0025582799224335,0.0793480320929939,62941.4297496533,15.2763809922503,14.4607816329034,19.6414185076247,9.9336563249108,28.2564926260763,57.8,0.0279859249176581,0.0216385239595275,0.007,"high"
"48409","San Patricio TX",68755,66581,9,7,0.0000288314233790421,0.858142713386702,2.05888503285994,0.00742086898218836,0,66146.9871096772,15.6294572185285,17.2990640289756,54.3383950220808,1.34648061676314,177.664283409476,96.8,0.0000288310077615436,0.0000052369960208279,0,"mid"
"48411","San Saba TX",5730,621,8,1,0,0,0,0,0,56597.0446358653,15.5262937928777,21.0165571238656,29.8327585919544,2.40478028350439,2.36913439719348,10.8,0,0,0,"mid"
"48413","Schleicher TX",2445,0,3,0,NA,NA,NA,NA,NA,86869.9398186315,8.86179580336949,24.2263980911204,52.0220966695853,0.723307513099783,1.00154680879407,0,NA,NA,NA,NA
"48415","Scurry TX",16932,15422,8,3,0,0.999092205939567,0.999092205939567,0.00799273764751653,0,60797.4583038034,9.67287433764414,17.798001033027,41.9478095257296,2.64649276168207,6.4820729044237,91.1,0,0,0,"mid"
"48417","Shackelford TX",3098,267,5,1,1.88218333333333,1,9,0.0934416666666667,1,65600.4880568108,14.1537192861178,32.6020445050728,14.7731150938939,2.28082090752732,5.6800654411567,8.6,1.05854810878565,1.88218333333333,0,"high"
"48419","Shelby TX",24022,18285,7,4,0.00000313721022088536,0.00585179108558928,0.0292589554279464,0.0000251952116185094,0,51384.8269086671,23.4316326623646,13.7442352353463,19.2820152637124,15.3900393177392,11.7747255425625,76.1,0.00000313720529985167,0.0000122564384840694,0,"mid"
"48421","Sherman TX",2781,0,5,0,NA,NA,NA,NA,NA,63370.7721287491,8.19849869028019,28.0813772149457,48.2097940527543,0.172549356971986,1.61823681281591,0,NA,NA,NA,NA
"48423","Smith TX",233479,233344,23,22,0,0.860484949259462,1.24842021793696,0.00123293331209142,0,72298.4629988343,12.2632305330796,27.3634262761532,20.2967996844769,16.5499595021726,339.910390715835,99.9,0,0,0,"mid"
"48425","Somervell TX",9205,514,7,2,0.0317028735797249,1,1.6739582149852,0.00342953372022348,0,85749.4749592613,6.54270356269272,23.7437968366194,20.1707046075439,1.92712450808792,27.5394580877439,5.6,0.0312107124064681,0.0178389925189827,0.014,"high"
"48427","Starr TX",65890,65059,11,8,0.0000334657772176025,0.990116663336356,1.2206816094431,0.00402414030567242,0,37689.5885317063,33.6409761213521,13.3462531859581,97.3456750239332,0.22703324186187,31.8122298703902,98.7,0.0000334652172509732,0.000592177795562017,-0.001,"mid"
"48429","Stephens TX",9101,8603,8,4,0,1,0.666549387683452,0.00546668202501243,0,52504.4391825074,13.9888489455406,18.5505445663091,25.6652467217915,3.24763945255719,6.38460934043467,94.5,0,0,0,"mid"
"48431","Sterling TX",1372,0,1,0,NA,NA,NA,NA,NA,78750,2.73062730627306,24.5235069885642,32.1814254859611,0.143988480921526,0.66641495692364,0,NA,NA,NA,NA
"48433","Stonewall TX",1245,28,5,1,0,1,1,0.008,0,56884.3526104418,8.9909695880174,13.8853361406828,23.5275931860555,0.682245018782834,0.839051434412969,2.2,0,0,0,"mid"
"48435","Sutton TX",3368,0,2,0,NA,NA,NA,NA,NA,75080,11.434331797235,17.3465006440532,61.9484240687679,0.114613180515759,0.745541239989126,0,NA,NA,NA,NA
"48437","Swisher TX",6971,5260,5,1,0,0,0,0,0,41248.532635203,28.7578982256637,21.5472335612005,44.6157593545011,7.70730885929803,2.9170783669246,75.5,0,0,0,"mid"
"48439","Tarrant TX",2110640,2069281,76,74,0.360049699113627,0.995818354297942,6.23653047264369,0.0239413587987751,0.0342906545800208,88897.5461553219,11.1693705510607,34.0114271883436,30.3655091804542,16.7667717142148,1294.89346697859,98,0.307521242546167,0.401728681539587,-0.042,"high"
"48441","Taylor TX",143208,138098,17,12,1.71354835495805,1,8.39873613638777,0.08527073206066,0.980238671088647,69251.0246156643,13.379659286139,27.5895322249965,24.9483577705532,8.13965164365876,293.080162935806,96.4,0.998257134505552,1.07553613782357,0.638,"high"
"48443","Terrell TX",746,0,3,0,NA,NA,NA,NA,NA,53058.8302945302,8.12292425273098,31.429253797907,42.4308825943695,0.340758186965999,0.4068052580794,0,NA,NA,NA,NA
"48445","Terry TX",11829,10619,6,1,0,0,0,0,0,46965.5074183976,22.9857059270701,10.3084272848959,57.4474806382533,4.27567857525925,7.74882458690859,89.8,0,0,0,"mid"
"48447","Throckmorton TX",1440,1435,6,4,0,1,1,0.005625,0,56075.9402777778,12.3840032829499,24.993837397076,7.66771195121122,0.0372331171879238,1.15511251210174,99.7,0,0,0,"mid"
"48449","Titus TX",31247,31247,6,6,0,1,0.988294862646105,0.0028259629887864,0,57951.418760201,16.9103888917369,15.4964755154896,43.4758041786967,9.8484796758658,32.5114177473026,100,0,0,0,"mid"
"48451","Tom Green TX",119997,116348,17,9,0.321200211984052,1,3.99698318836594,0.0110643034942977,0,67325.4615521795,11.8083332345263,25.1134935584277,40.2905727241252,3.38653083249927,159.076274445606,97,0.278540574982601,0.110078540621247,0.211,"high"
"48453","Travis TX",1290188,1280851,63,61,0.227279301989032,0.999513604626924,5.66475199634471,0.00835736453132423,0.0866260009946512,102639.176036972,11.5774345684549,55.0760592448216,32.6897315865751,7.63847727808268,1379.19694821868,99.3,0.204799769807912,0.182039205185511,0.045,"high"
"48455","Trinity TX",13602,9625,8,4,0,0.0208831168831169,0.00727362254200528,0.0000235810775458895,0,51813.5726159555,16.0620412567565,16.258909013078,10.5830613152194,8.7684931522823,12.1437829339628,70.8,0,0,0,"mid"
"48457","Tyler TX",19798,15706,10,6,0,0.966700623965364,0.63164338399525,0.000315821691997625,0,51706.8684860914,19.8761223444657,12.16037465793,7.74424382786568,10.5860717948381,11.2106378029937,79.3,0,0,0,"mid"
"48459","Upshur TX",40892,40892,12,12,0.0000106710850784143,0.454783331703023,0.440116251499302,0.0014239549402691,0,61010.3715152108,14.6146446112547,16.8954893495097,9.61618811275747,8.80939717622777,31.1403193603295,100,0.0000106710281427909,0.00000600843246559822,0,"mid"
"48461","Upton TX",3304,46,4,1,0.00083125,1,3,0.00535,0,50339.9412884799,17.2450874075297,12.3303629916603,58.4091524851007,0.954087107306469,2.67649466811558,1.4,0.000830904703057556,0.00083125,0,"high"
"48463","Uvalde TX",24539,21861,7,2,0,0,0,0,0,57221.1818743563,21.9378989590714,19.7582415869382,70.512784085282,0.628264121702617,8.63998486838872,89.1,0,0,0,"mid"
"48465","Val Verde TX",47580,47337,7,3,0,0,0,0,0,59574.6092681692,18.2223824286622,21.3733369191936,81.2546106166795,1.15967157641864,17.5022074939531,99.5,0,0,0,"mid"
"48467","Van Zandt TX",59541,50718,13,9,0.0283818878112782,0.715012421625458,1.67173035076044,0.00450861941594042,0,69048.5793822744,11.8655060115603,18.2208397867827,13.0635253276797,2.63856385731265,31.0240803569596,85.2,0.0279865842468011,0.0275585847957614,0.001,"high"
"48469","Victoria TX",91319,84283,12,5,0.000378687044634468,0.996037160518729,1.0009225334263,0.00152155376396342,0,71187.7554822157,16.2163678473247,19.3396167524857,47.8860805590267,5.51925869857013,411.628722178207,92.3,0.000378615360792171,0.0294679087589353,-0.029,"high"
"48471","Walker TX",76400,72204,10,5,0.374468600056149,0.996773031964988,7.55083002058488,0.0304756472595467,0.984557642235887,51157.9467194837,17.7687924995438,22.2463449647445,21.5881108378512,19.5930630349493,51.4308566019946,94.5,0.318067183732282,0.315567007268778,0.059,"high"
"48473","Waller TX",56794,50300,11,9,0.0000791199989367484,0.00534791252485089,0.0078252082107669,0.0000167255768270751,0,75011.2677923724,16.1976639592226,25.8154578456453,32.4197502577483,25.4293452172551,181.277941760959,88.6,0.0000791168691147191,0.000101100211271992,0,"mid"
"48475","Ward TX",11642,10342,6,2,0,0,0,0,0,72393.9938458871,14.8886443658727,10.8055957038496,55.378868751625,4.837758446044,21.6257719722452,88.8,0,0,0,"mid"
"48477","Washington TX",35805,31608,7,4,0,0.99421032649962,1.84515496620937,0.0271038536404756,0,73305.2132104455,13.0010551643744,30.498478136353,18.9292970876929,15.0400311804233,30.0758260960292,88.3,0,0,0,"mid"
"48479","Webb TX",267047,265962,10,5,0,1,1.0084248233997,0.00405126372350995,0,61435.4499020038,21.1767199790014,20.3950717169613,95.1439793590771,0.370660314766047,559.419550347935,99.6,0,0,0,"mid"
"48481","Wharton TX",41570,32340,13,5,0.0000962110027603548,0.0046691403834261,0.0110830775525923,0.0000126699797661133,0,66603.7897392558,15.082546088509,19.0584550626806,41.4090733282191,12.2751107619063,18.9506166012235,77.8,0.0000962063747786682,0.0000691875561123357,0,"mid"
"48483","Wheeler TX",4989,0,6,0,NA,NA,NA,NA,NA,70058.5761767135,14.072764172248,20.4367335236671,24.1843765971716,1.59566543387552,2.05828780743417,0,NA,NA,NA,NA
"48485","Wichita TX",129350,126566,11,10,0,1,2.94644926026701,0.0178561031055296,0,64351.6304986471,15.0910827403037,25.240365169184,19.9959030016105,9.77655116665416,460.409636155209,97.8,0,0,0,"mid"
"48487","Wilbarger TX",12885,12364,6,1,0,0,0,0,0,52468.3060773481,18.7665271672776,17.2141227489866,29.9579309959426,6.1031318741753,9.62291146647884,96,0,0,0,"mid"
"48489","Willacy TX",20164,18609,6,3,0.0113160898428229,1,4.72825532402027,0.00500848340797636,0,45756.338325729,25.2606355371425,11.8591633480486,86.8705247898575,1.41142418430661,47.4784473629546,92.3,0.0112525418585784,0.0124899622652618,-0.001,"high"
"48491","Williamson TX",609017,608704,27,25,0.176974021479495,1,5.95583590219239,0.0124324482751948,0,113344.995523743,6.19187559893163,48.4351472065231,24.0004634868821,6.64467563018214,728.906479959553,99.9,0.162946756224439,0.169181689124842,0.008,"high"
"48493","Wilson TX",49753,48977,12,10,0.00000439529557855408,0.586601874349184,0.485783131248342,0.0024010922262919,0,93654.7710564458,9.51601539475509,25.2970658052925,41.2034247261594,1.72113365361537,47.1363406047848,98.4,0.00000439528591927077,0.00000151328617636176,0,"mid"
"48495","Winkler TX",7784,6857,2,1,0,0,0,0,0,93073.0024409044,11.9516564371087,9.65410511769415,65.1488320414895,3.90427826731113,5.6415570973295,88.1,0,0,0,"mid"
"48497","Wise TX",68632,51197,18,13,0.00766864845418003,0.997128738011993,0.958771962150462,0.0048839620761882,0,89986.2534423596,7.77506973274196,21.4562696731634,20.6050066574117,1.41113205741646,50.2921636701749,74.6,0.00763939383668524,0.00894027397578562,-0.001,"high"
"48499","Wood TX",44843,44796,12,11,0.000380166096109139,0.0945396910438432,0.0731858673012625,0.000131204776325049,0,62093.5182971701,12.736839169257,23.3429043225335,10.7929989451712,3.89819656611542,25.8707000166786,99.9,0.000380093851288264,0.0000944763067976933,0,"high"
"48501","Yoakum TX",7683,5669,4,1,0,0,0,0,0,79826.4897425846,11.2163968593236,13.0286982401136,68.3163687993646,0.296465291346343,11.0201579798312,73.8,0,0,0,"mid"
"48503","Young TX",17867,17867,6,6,0,1,0.782746241667107,0.00474958188875434,0,62985.5352325516,17.092922630473,23.4470352109878,19.8101713054587,1.39265565998728,8.56120217321782,100,0,0,0,"mid"
"48505","Zapata TX",13885,13272,5,4,0,0.981992163954189,0.778071317724662,0.000829942738906306,0,37226.2657088957,37.6031524323986,13.2236704201308,93.9467352984927,0.265513902793171,8.74404725067297,95.6,0,0,0,"mid"
"48507","Zavala TX",9666,7317,4,2,0,0,0,0,0,41963.5517277054,35.3579407103796,9.6704903914062,92.3664898176055,1.02640713777786,9.24791340087359,75.7,0,0,0,"mid"
