"metric","value"
"Texas counties (total)","254"
"Texas counties appearing in the Geocorr ZCTA-county file","254"
"Counties with ANY population-weighted PFAS exposure (coverage_pct > 0)","230"
"Counties with NO usable PFAS exposure (coverage_pct == 0 or NA)","24"
"Median population coverage (%) among counties with any exposure data","89.3"
"Counties with population coverage >= 80%","150"
"% of statewide Geocorr population in counties with any PFAS exposure","95.8"
"Counties with >=1 ZCTA-level PFAS detection (popwt share > 0)","181"
"County Hazard Index (pop-wt): min / median / max","0.000 / 0.000 / 1.882"
"County HI IQR (compression check vs ZCTA-level)","0.0078"
"ZCTA-level HI IQR (Phase 1 primary sample, for comparison)","0.0127"
"Pop-weighted vs area-weighted county HI: median absolute difference","0"
"Pop-weighted vs area-weighted county HI: Spearman rank correlation","0.997"
"Phase-1 top-quartile-HI ZCTAs: county they land in, by county HI tercile","high=306"
