"zcta","n_pws_serving","pfas_hazard_index_phase1","pfas_hazard_index_popwt","abs_diff"
"78660",5,0.320695437442288,0.83890915894601,0.518213721503722
"79562",3,0.68400617745617,1.13129287346652,0.447286696010354
"76028",4,0.516304333454923,0.141346626624122,-0.3749577068308
"76040",2,0.56237223478773,0.235653799453154,-0.326718435334576
"76179",2,0.583953250441421,0.272113627402954,-0.311839623038467
"76262",4,0.584847929725818,0.291368110205245,-0.293479819520572
"79510",3,1.05418525509867,0.772968442060927,-0.281216813037747
"76140",4,0.566874228540771,0.287966913009307,-0.278907315531465
"76053",2,0.574245253444057,0.296944541741835,-0.277300711702222
"76036",3,0.549443969717972,0.27917815232396,-0.270265817394012
"76247",3,0.587511687260683,0.365098272859114,-0.222413414401569
"76008",4,0.590592815927331,0.393113510487579,-0.197479305439752
"76114",4,0.588424607036959,0.415922335141413,-0.172502271895546
"78613",2,0.221755880824368,0.0504139098519809,-0.171341970972387
"76118",2,0.593524182125856,0.428176694143488,-0.165347487982368
