"pwsid","population_served_count","Area","Source","STATUS","matched","density","usable_density","plausible"
"TX0010001",31272,18.04698778,"System","Not Started",TRUE,1732.80995040381,TRUE,TRUE
"TX0010020",3603,26.17765589,"System","Not Started",TRUE,137.636464286184,TRUE,TRUE
"TX0010030",4221,61.63321753,"System","Not Started",TRUE,68.4857966070881,TRUE,TRUE
"TX0010031",7965,4.09616651,"System","Not Started",TRUE,1944.50103055015,TRUE,TRUE
"TX0010036",4866,152.52827514,"System","Not Started",TRUE,31.9022816952049,TRUE,TRUE
"TX0010044",8148,2.61447031,"System","Not Started",TRUE,3116.50125412975,TRUE,TRUE
"TX0020001",14109,5.69100718,"System","Not Started",TRUE,2479.17452109066,TRUE,TRUE
"TX0030001",5207,7.38412661,"System","Not Started",TRUE,705.161256708192,TRUE,TRUE
"TX0030004",51236,71.0029431,"System","Not Started",TRUE,721.603890811112,TRUE,TRUE
"TX0030016",3479,28.15411429,"Upload","Not Started",TRUE,123.569861376733,TRUE,TRUE
"TX0030019",7381,23.29341737,"System","Not Started",TRUE,316.870637002629,TRUE,TRUE
"TX0030020",6684,105.21582041,"CCNBND","Not Started",TRUE,63.5265682855877,TRUE,TRUE
"TX0030023",10907,45.39858398,"System","Not Started",TRUE,240.249784107914,TRUE,TRUE
"TX0040002",11186,29.90475255,"System","Not Started",TRUE,374.054257138469,TRUE,TRUE
"TX0070002",5721,28.66829776,"CCNBND","Not Started",TRUE,199.558412846623,TRUE,TRUE
"TX0070003",17985,7.90904991,"System","Not Started",TRUE,2273.97730506925,TRUE,TRUE
"TX0070004",4860,7.58415947,"System","Not Started",TRUE,640.809310408659,TRUE,TRUE
"TX0070005",3396,4.57429367,"CCNBND","Not Started",TRUE,742.409701911421,TRUE,TRUE
"TX0070016",2247,1.99600517,"CITYBND","Not Started",TRUE,1125.74858711413,TRUE,TRUE
"TX0070023",9621,497.46432582,"System","Not Started",TRUE,19.3400802844327,TRUE,TRUE
"TX0080001",4206,4.09746992,"OTHER","Not Started",TRUE,1026.48709621278,TRUE,TRUE
"TX0080002",6839,12.88929488,"System","Not Started",TRUE,530.595355577744,TRUE,TRUE
"TX0080043",681,82.13919104,"System","Not Started",TRUE,8.29080480800411,TRUE,FALSE
"TX0090001",5158,2.93023843,"System","Not Started",TRUE,1760.26631389173,TRUE,TRUE
"TX0110001",13209,9.35983953,"System","Not Started",TRUE,1411.24214337893,TRUE,TRUE
"TX0110002",13188,5.66365093,"System","Not Started",TRUE,2328.53333706426,TRUE,TRUE
"TX0110003",4901,2.24030319,"CCNBND","Not Started",TRUE,2187.65032424027,TRUE,TRUE
"TX0110013",86325,1122.42735232,"System","Not Started",TRUE,76.9092091542233,TRUE,TRUE
"TX0110020",7269,6.87044013,"System","Not Started",TRUE,1058.01082062555,TRUE,TRUE
"TX0130001",13664,6.44321158,"System","Not Started",TRUE,2120.68156234596,TRUE,TRUE
"TX0130002",5669,0.82122989,"System","Not Started",TRUE,6903.06096871364,TRUE,TRUE
"TX0140002",23054,29.54234498,"Upload","Not Started",TRUE,780.371362381945,TRUE,TRUE
"TX0140005",94935,103.90973455,"System","Not Started",TRUE,913.629511336289,TRUE,TRUE
"TX0140006",161027,52.87576316,"System","Not Started",TRUE,3045.38394108353,TRUE,TRUE
"TX0140007",6885,450.22880032,"System","Not Started",TRUE,15.2922247424121,TRUE,TRUE
"TX0140023",35957,17.88963487,"System","Not Started",TRUE,2009.93481763555,TRUE,TRUE
"TX0140028",4182,22.61404683,"CCNBND","Not Started",TRUE,184.929306613627,TRUE,TRUE
"TX0140031",7836,3.67242383,"System","Not Started",TRUE,2133.74064724986,TRUE,TRUE
"TX0140035",11460,30.77060126,"System","Not Started",TRUE,372.433411462042,TRUE,TRUE
"TX0140044",4100,14.58098604,"System","Not Started",TRUE,281.188116410816,TRUE,TRUE
"TX0140076",7836,20.58569341,"System","Not Started",TRUE,380.652710789595,TRUE,TRUE
"TX0140105",4842,31.86561924,"System","Not Started",TRUE,151.950601164592,TRUE,TRUE
"TX0140107",35669,30.19492892,"System","Not Started",TRUE,1181.29107356084,TRUE,TRUE
"TX0140116",5000,3.32615929,"System","Not Started",TRUE,1503.23528251709,TRUE,TRUE
"TX0140118",4287,87.67866358,"System","Not Started",TRUE,48.8944496295663,TRUE,TRUE
"TX0150009",20119,5.68859081,"System","Not Started",TRUE,3536.72828156891,TRUE,TRUE
"TX0150010",8142,1.72889758,"CCNBND","Not Started",TRUE,4709.35935950584,TRUE,TRUE
"TX0150018",2643729,899.84671199,"System","Not Started",TRUE,2937.97706295267,TRUE,TRUE
"TX0150039",7357,1.82232267,"CCNBND","Not Started",TRUE,4037.15550550661,TRUE,TRUE
"TX0150040",13857,62.21928762,"System","Not Started",TRUE,222.712289549676,TRUE,TRUE
"TX0150045",0,NA,NA,NA,FALSE,NA,FALSE,FALSE
"TX0150046",951,0.47394688,"PWS","Not Started",TRUE,2006.55398343376,TRUE,TRUE
"TX0150047",29709,7.02120865,"System","Not Started",TRUE,4231.3227652051,TRUE,TRUE
"TX0150048",4221,13.55689612,"CCNBND","Not Started",TRUE,311.354454783563,TRUE,TRUE
"TX0150068",8724,3.40433983,"CCNBND","Not Started",TRUE,2562.61138301225,TRUE,TRUE
"TX0150084",0,NA,NA,NA,FALSE,NA,FALSE,FALSE
"TX0150106",8154,1.73620476,"System","Not Started",TRUE,4696.45066518537,TRUE,TRUE
"TX0150114",20907,6.45534063,"System","Not Started",TRUE,3238.71367884734,TRUE,TRUE
"TX0150115",10949,3.8709938,"System","Not Started",TRUE,2828.47262633177,TRUE,TRUE
"TX0150116",37563,5.10046583,"System","Not Started",TRUE,7364.621438901,TRUE,TRUE
"TX0150138",26137,135.18173444,"System","Not Started",TRUE,193.347127171244,TRUE,TRUE
"TX0150178",7794,3.43255022,"System","Not Started",TRUE,2270.61499481863,TRUE,TRUE
"TX0150190",5364,NA,NA,NA,FALSE,NA,FALSE,FALSE
"TX0150216",9768,11.81018929,"System","Not Started",TRUE,827.082425196252,TRUE,TRUE
"TX0150275",3650,6.21229704,"System","Not Started",TRUE,587.544345754594,TRUE,TRUE
"TX0150492",11418,5.20662261,"System","Not Started",TRUE,2192.9763025402,TRUE,TRUE
"TX0150497",0,NA,NA,NA,FALSE,NA,FALSE,FALSE
"TX0150535",983,NA,NA,NA,FALSE,NA,FALSE,FALSE
"TX0150589",24,NA,NA,NA,FALSE,NA,FALSE,FALSE
"TX0180001",3442,2.76225112,"CCNBND","Not Started",TRUE,1246.08511336218,TRUE,TRUE
"TX0190002",2518,2.00150769,"System","Not Started",TRUE,1258.05162407345,TRUE,TRUE
"TX0190003",6880,25.31224654,"System","Not Started",TRUE,271.805190784935,TRUE,TRUE
"TX0190004",37000,41.74706164,"System","Not Started",TRUE,886.28992188874,TRUE,TRUE
"TX0190005",5945,1.83631831,"System","Not Started",TRUE,3237.45614669605,TRUE,TRUE
"TX0190006",3818,4.37476414,"Upload","Not Started",TRUE,872.732764057081,TRUE,TRUE
"TX0190008",4356,13.88967972,"System","Not Started",TRUE,313.614142860884,TRUE,TRUE
"TX0190012",14652,31.06305819,"System","Not Started",TRUE,471.685688845564,TRUE,TRUE
"TX0190021",2235,48.51490444,"System","Not Started",TRUE,46.0683170625245,TRUE,TRUE
"TX0190024",9210,209.17144512,"System","Not Started",TRUE,44.0308666162166,TRUE,TRUE
"TX0200001",26244,14.09425875,"System","Not Started",TRUE,1862.03478065138,TRUE,TRUE
"TX0200002",19429,11.29629443,"System","Not Started",TRUE,1719.94454645248,TRUE,TRUE
"TX0200003",2900,2.61518007,"OTHER","Not Started",TRUE,1108.91025565211,TRUE,TRUE
"TX0200004",10604,5.65554158,"CITYBND","Not Started",TRUE,1874.9751637402,TRUE,TRUE
"TX0200005",10594,10.65940618,"System","Not Started",TRUE,993.863994025979,TRUE,TRUE
"TX0200006",27314,19.89951054,"CCNBND","Not Started",TRUE,1372.59657442811,TRUE,TRUE
"TX0200008",125828,57.02669046,"System","Not Started",TRUE,2206.47558160962,TRUE,TRUE
"TX0200009",3978,1.4526542,"System","Not Started",TRUE,2738.43561668014,TRUE,TRUE
"TX0200010",3650,2.65239796,"System","Not Started",TRUE,1376.11325866048,TRUE,TRUE
"TX0200035",7605,3.14559098,"System","Not Started",TRUE,2417.66969970139,TRUE,TRUE
"TX0200037",5697,1.61665432,"CCNBND","Not Started",TRUE,3523.9444385365,TRUE,TRUE
"TX0200201",5119,1.01783813,"System","Not Started",TRUE,5029.28692600659,TRUE,TRUE
"TX0200386",3567,0.96986587,"System","Not Started",TRUE,3677.82815163915,TRUE,TRUE
"TX0200403",1347,0.11680981,"DISTRICT","Not Started",TRUE,11531.5657135304,TRUE,TRUE
"TX0200411",5947,0.78698315,"PWS","Not Started",TRUE,7556.70562959321,TRUE,TRUE
"TX0200534",45,NA,NA,NA,FALSE,NA,FALSE,FALSE
"TX0200560",4230,0.73909513,"System","Not Started",TRUE,5723.21454749675,TRUE,TRUE
"TX0200578",6926,1.23038058,"System","Not Started",TRUE,5629.15256676109,TRUE,TRUE
"TX0200610",4833,0.95798568,"System","Not Started",TRUE,5044.96058855494,TRUE,TRUE
"TX0200612",5898,1.22208756,"System","Not Started",TRUE,4826.168102063,TRUE,TRUE
"TX0200615",5250,0.72094517,"System","Not Started",TRUE,7282.10718160439,TRUE,TRUE
"TX0200645",0,1.21963216,"System","Not Started",TRUE,0,FALSE,FALSE
"TX0200706",5310,0.95422612,"System","Not Started",TRUE,5564.71876917391,TRUE,TRUE
"TX0210001",91031,70.61213226,"System","Not Started",TRUE,1289.1693974743,TRUE,TRUE
"TX0210002",104103,36.92300566,"System","Not Started",TRUE,2819.46169167854,TRUE,TRUE
"TX0210005",15000,247.99212446,"System","Not Started",TRUE,60.4857917672278,TRUE,TRUE
"TX0210016",25092,274.48506782,"System","Not Started",TRUE,91.4148088246996,TRUE,TRUE
"TX0210017",58500,12.55144598,"System","Not Started",TRUE,4660.81757378523,TRUE,TRUE
"TX0220001",6000,7.74813543,"System","Not Started",TRUE,774.379856186897,TRUE,TRUE
"TX0240001",4473,2.36353728,"PWS","Not Started",TRUE,1892.50241062413,TRUE,TRUE
"TX0250002",18862,16.73139966,"System","Not Started",TRUE,1127.34142888796,TRUE,TRUE
"TX0250004",13026,367.05134855,"System","Not Started",TRUE,35.488222700878,TRUE,TRUE
"TX0250019",7575,221.22277815,"System","Not Started",TRUE,34.2415010938149,TRUE,TRUE
"TX0260001",4358,8.35902551,"System","Not Started",TRUE,521.35263791054,TRUE,TRUE
"TX0270001",7011,9.44053836,"System","Not Started",TRUE,742.648324983873,TRUE,TRUE
"TX0270026",8059,16.12757433,"System","Not Started",TRUE,499.703168938983,TRUE,TRUE
"TX0270049",6795,12.16716799,"System","Not Started",TRUE,558.470139114106,TRUE,TRUE
"TX0280001",18800,25.41694134,"System","Not Started",TRUE,739.664137730587,TRUE,TRUE
"TX0280002",7364,7.4105968,"CCNBND","Not Started",TRUE,993.712139351584,TRUE,TRUE
"TX0280003",16104,62.70876882,"System","Not Started",TRUE,256.806189995934,TRUE,TRUE
"TX0290002",12000,8.44912675,"System","Not Started",TRUE,1420.26511793068,TRUE,TRUE
"TX0290007",4482,73.65431831,"System","Not Started",TRUE,60.8518292320069,TRUE,TRUE
"TX0300002",3820,3.28359583,"CITYBND","Not Started",TRUE,1163.35876818311,TRUE,TRUE
"TX0300005",3918,80.88456548,"CCNBND","Not Started",TRUE,48.4394022116468,TRUE,TRUE
"TX0310001",201249,104.64654797,"System","Not Started",TRUE,1923.13080463671,TRUE,TRUE
"TX0310002",85900,69.08516476,"System","Not Started",TRUE,1243.39285139457,TRUE,TRUE
"TX0310003",7226,4.34353777,"System","Not Started",TRUE,1663.62085070576,TRUE,TRUE
"TX0310004",6009,5.38029703,"System","Not Started",TRUE,1116.85283665463,TRUE,TRUE
"TX0310005",46674,18.65266808,"System","Not Started",TRUE,2502.2693697126,TRUE,TRUE
"TX0310007",24250,23.17643456,"CCNBND","Not Started",TRUE,1046.32142347956,TRUE,TRUE
"TX0310022",9423,27.56853138,"CCNBND","Not Started",TRUE,341.802755834722,TRUE,TRUE
"TX0310026",8952,15.01372503,"CCNBND","Not Started",TRUE,596.254426007694,TRUE,TRUE
"TX0310094",5811,2.45083771,"System","Not Started",TRUE,2371.0260276679,TRUE,TRUE
"TX0310096",24756,355.64906532,"System","Not Started",TRUE,69.6079433745326,TRUE,TRUE
"TX0320001",4335,3.5701499,"OTHER","Not Started",TRUE,1214.23473003192,TRUE,TRUE
"TX0320002",12777,295.5286934,"System","Not Started",TRUE,43.2343805706414,TRUE,TRUE
"TX0330007",4600,NA,NA,NA,FALSE,NA,FALSE,FALSE
"TX0340001",5418,11.04704225,"CCNBND","Not Started",TRUE,490.448020147655,TRUE,TRUE
"TX0340003",2527,11.81839237,"System","Not Started",TRUE,213.819267535454,TRUE,TRUE
"TX0340066",5871,604.2581364,"System","Not Started",TRUE,9.71604624966701,TRUE,FALSE
"TX0350001",4393,2.03729554,"CCNBND","Not Started",TRUE,2156.29000002621,TRUE,TRUE
"TX0360002",8397,17.17960552,"System","Not Started",TRUE,488.777230083919,TRUE,TRUE
"TX0360005",8004,0.91273727,"OTHER","Not Started",TRUE,8769.22665818171,TRUE,TRUE
"TX0360017",12864,19.17979974,"Upload","Not Started",TRUE,670.705647315586,TRUE,TRUE
"TX0360030",7695,57.67258138,"System","Not Started",TRUE,133.425621254895,TRUE,TRUE
"TX0360104",2500,0.87088625,"Upload","Not Started",TRUE,2870.63896117317,TRUE,TRUE
"TX0370002",14420,19.12639087,"System","Not Started",TRUE,753.932098220264,TRUE,TRUE
"TX0370003",5602,11.29859981,"System","Not Started",TRUE,495.813648965765,TRUE,TRUE
"TX0370016",5577,84.97032811,"System","Not Started",TRUE,65.6346765282604,TRUE,TRUE
"TX0370018",6951,78.56874231,"CCNBND","Not Started",TRUE,88.4702974189686,TRUE,TRUE
"TX0370055",1305,0.91323471,"OTHER","Not Started",TRUE,1428.98642124542,TRUE,TRUE
"TX0380001",6105,6.64904177,"OTHER","Not Started",TRUE,918.177417315277,TRUE,TRUE
"TX0380013",534,233.70142711,"PWS","Not Started",TRUE,2.28496679118974,TRUE,FALSE
"TX0390019",2492,77.27969137,"System","Not Started",TRUE,32.246505593155,TRUE,TRUE
"TX0410001",999,1.43654968,"System","Not Started",TRUE,695.416255983573,TRUE,TRUE
"TX0420001",3998,6.76541234,"System","Not Started",TRUE,590.946981363149,TRUE,TRUE
"TX0420034",5000,1459.52845619,"System","Not Started",TRUE,3.42576397109253,TRUE,FALSE
"TX0430003",52701,32.11019279,"System","Not Started",TRUE,1641.25454944053,TRUE,TRUE
"TX0430004",5312,9.89584707,"System","Not Started",TRUE,536.790833813886,TRUE,TRUE
"TX0430005",231910,69.97454939,"System","Not Started",TRUE,3314.20497911977,TRUE,TRUE
"TX0430007",292059,72.01735859,"System","Not Started",TRUE,4055.39727807448,TRUE,TRUE
"TX0430008",37019,21.93091274,"System","Not Started",TRUE,1687.98264070791,TRUE,TRUE
"TX0430009",42598,25.55863455,"System","Not Started",TRUE,1666.67745558418,TRUE,TRUE
"TX0430011",48393,24.61144419,"System","Not Started",TRUE,1966.28038673418,TRUE,TRUE
"TX0430025",113746,26.8873109,"System","Not Started",TRUE,4230.47140798301,TRUE,TRUE
"TX0430027",23960,13.94778795,"System","Not Started",TRUE,1717.83512094475,TRUE,TRUE
"TX0430029",8438,23.22748214,"System","Not Started",TRUE,363.276568210936,TRUE,TRUE
"TX0430030",24615,21.60448619,"System","Not Started",TRUE,1139.34669788136,TRUE,TRUE
"TX0430033",17589,9.65029822,"System","Not Started",TRUE,1822.63797439412,TRUE,TRUE
"TX0430034",11100,8.23721057,"System","Not Started",TRUE,1347.54355320554,TRUE,TRUE
"TX0430036",9800,11.25940121,"System","Not Started",TRUE,870.383763507438,TRUE,TRUE
"TX0430037",15822,21.15592215,"CCNBND","Not Started",TRUE,747.875695884048,TRUE,TRUE
"TX0430039",224043,76.32974553,"System","Not Started",TRUE,2935.1990949838,TRUE,TRUE
"TX0430040",26234,25.96411396,"System","Not Started",TRUE,1010.39457924179,TRUE,TRUE
"TX0430042",21082,5.66367933,"System","Not Started",TRUE,3722.31526038746,TRUE,TRUE
"TX0430045",6486,10.44151353,"System","Not Started",TRUE,621.174313605472,TRUE,TRUE
"TX0430051",11430,6.31675028,"System","Not Started",TRUE,1809.47472883161,TRUE,TRUE
"TX0430053",4218,17.25688346,"System","Not Started",TRUE,244.424203812755,TRUE,TRUE
"TX0430054",8378,17.4043726,"System","Not Started",TRUE,481.373284320516,TRUE,TRUE
"TX0430055",10716,64.54912333,"System","Not Started",TRUE,166.013098972943,TRUE,TRUE
"TX0450001",3739,2.94437692,"System","Not Started",TRUE,1269.8781785044,TRUE,TRUE
"TX0450002",3837,2.52428778,"PWS","Not Started",TRUE,1520.03271195965,TRUE,TRUE
"TX0460001",116477,42.10743302,"System","Not Started",TRUE,2766.18619673815,TRUE,TRUE
"TX0460019",44196,58.5244362,"System","Not Started",TRUE,755.17173457196,TRUE,TRUE
"TX0460022",1528,0.78487577,"CCNBND","Not Started",TRUE,1946.8049064631,TRUE,TRUE
"TX0460027",5100,6.61798696,"System","Not Started",TRUE,770.627085067572,TRUE,TRUE
"TX0460172",32973,46.79249404,"Upload","Not Started",TRUE,704.664298761537,TRUE,TRUE
"TX0460205",174,0.16596845,"CCNBND","Not Started",TRUE,1048.39202872594,TRUE,TRUE
"TX0470001",4211,5.82881594,"System","Not Started",TRUE,722.445183266501,TRUE,TRUE
"TX0480015",3987,1267.2984752,"System","Not Started",TRUE,3.1460623349766,TRUE,FALSE
"TX0490001",18107,127.34281034,"System","Not Started",TRUE,142.190987866964,TRUE,TRUE
"TX0490014",462,1.02431319,"CCNFAC","Not Started",TRUE,451.03392644978,TRUE,TRUE
"TX0490017",219,0.10293622,"System","Not Started",TRUE,2127.53100900733,TRUE,TRUE
"TX0490018",7689,114.6161083,"System","Not Started",TRUE,67.0848113240292,TRUE,TRUE
"TX0490020",1002,0.91758426,"PWS","Not Started",TRUE,1091.99780737303,TRUE,TRUE
"TX0500001",41669,16.32553196,"System","Not Started",TRUE,2552.38237272116,TRUE,TRUE
"TX0500002",16135,31.7739893,"System","Not Started",TRUE,507.805294691152,TRUE,TRUE
"TX0500013",6042,317.23257595,"CCNFAC","Not Started",TRUE,19.0459633028113,TRUE,TRUE
"TX0500044",3631,496.09568316,"System","Not Started",TRUE,7.31915258135583,TRUE,FALSE
"TX0530012",3800,3.66974328,"System","Not Started",TRUE,1035.49477717144,TRUE,TRUE
"TX0560001",8256,7.95333524,"System","Not Started",TRUE,1038.05507386106,TRUE,TRUE
"TX0570004",1356479,340.41387678,"System","Not Started",TRUE,3984.79348971033,TRUE,TRUE
"TX0570006",57999,21.29321303,"System","Not Started",TRUE,2723.82565835815,TRUE,TRUE
"TX0570007",39413,11.06673272,"System","Not Started",TRUE,3561.39440584592,TRUE,TRUE
"TX0570010",248822,56.75476787,"PWS","Not Started",TRUE,4384.16029768531,TRUE,TRUE
"TX0570012",5902,11.65298451,"CCNBND","Not Started",TRUE,506.47969152754,TRUE,TRUE
"TX0570013",40449,28.19879995,"System","Not Started",TRUE,1434.42274393666,TRUE,TRUE
"TX0570014",152020,53.68190726,"CCNBND","Not Started",TRUE,2831.86659638814,TRUE,TRUE
"TX0570015",122615,28.59196483,"System","Not Started",TRUE,4288.44260018628,TRUE,TRUE
"TX0570016",20156,19.21696213,"System","Not Started",TRUE,1048.86505284485,TRUE,TRUE
"TX0570018",7296,8.45036927,"System","Not Started",TRUE,863.394221824344,TRUE,TRUE
"TX0570031",17257,4.32503932,"System","Not Started",TRUE,3990.02152886786,TRUE,TRUE
"TX0570032",28300,7.31209606,"DISTRICTBND","Not Started",TRUE,3870.29926409364,TRUE,TRUE
"TX0570034",136170,37.30284611,"System","Not Started",TRUE,3650.39170465591,TRUE,TRUE
"TX0570036",50904,24.83348236,"System","Not Started",TRUE,2049.81320227535,TRUE,TRUE
"TX0570038",3855,0.58986054,"PWS","Not Started",TRUE,6535.44310660279,TRUE,TRUE
"TX0570039",3588,12.16624146,"CCNBND","Not Started",TRUE,294.914416403503,TRUE,TRUE
"TX0570040",43193,14.335186,"System","Not Started",TRUE,3013.0756587323,TRUE,TRUE
"TX0570047",40246,12.06201259,"System","Not Started",TRUE,3336.59078032848,TRUE,TRUE
"TX0570048",201843,80.95804355,"System","Not Started",TRUE,2493.18030857973,TRUE,TRUE
"TX0570049",8959,2.23576291,"System","Not Started",TRUE,4007.13329661596,TRUE,TRUE
"TX0570050",264546,67.73040195,"System","Not Started",TRUE,3905.8678582078,TRUE,TRUE
"TX0570056",68123,20.82725767,"System","Not Started",TRUE,3270.85788630376,TRUE,TRUE
"TX0570057",30630,9.86100418,"System","Not Started",TRUE,3106.17452755202,TRUE,TRUE
"TX0570059",8839,16.70164996,"CCNBND","Not Started",TRUE,529.229149285799,TRUE,TRUE
"TX0570061",25617,3.74524642,"CCNBND","Not Started",TRUE,6839.87036559266,TRUE,TRUE
"TX0570085",18718,9.14704918,"System","Not Started",TRUE,2046.34299342425,TRUE,TRUE
"TX0570136",177673,NA,NA,NA,FALSE,NA,FALSE,FALSE
"TX0580001",9442,4.16684545,"System","Not Started",TRUE,2265.98277121125,TRUE,TRUE
"TX0590001",16048,5.17216968,"CCNBND","Not Started",TRUE,3102.75976870117,TRUE,TRUE
"TX0610002",150037,133.98762179,"System","Not Started",TRUE,1119.78254405586,TRUE,TRUE
"TX0610003",7537,9.89800192,"CCNBND","Not Started",TRUE,761.46681531458,TRUE,TRUE
"TX0610004",140880,46.48075461,"System","Not Started",TRUE,3030.9318594774,TRUE,TRUE
"TX0610005",7836,11.2353612,"System","Not Started",TRUE,697.440861981367,TRUE,TRUE
"TX0610006",10166,10.6199115,"System","Not Started",TRUE,957.258447963526,TRUE,TRUE
"TX0610007",6062,2.58578509,"System","Not Started",TRUE,2344.35569430869,TRUE,TRUE
"TX0610008",10127,5.44226131,"System","Not Started",TRUE,1860.8073782477,TRUE,TRUE
"TX0610018",13649,3.28574995,"System","Not Started",TRUE,4153.99838931748,TRUE,TRUE
"TX0610019",12720,20.58280001,"System","Not Started",TRUE,617.991720942733,TRUE,TRUE
"TX0610020",8751,14.56573485,"System","Not Started",TRUE,600.793580970616,TRUE,TRUE
"TX0610023",80000,40.74288079,"System","Not Started",TRUE,1963.5332222172,TRUE,TRUE
"TX0610029",17826,9.61959144,"System","Not Started",TRUE,1853.09325361535,TRUE,TRUE
"TX0610035",41000,9.48087773,"PWS","Not Started",TRUE,4324.49412044047,TRUE,TRUE
"TX0610036",110826,116.78676441,"System","Not Started",TRUE,948.960274393135,TRUE,TRUE
"TX0610049",11901,321.85054603,"System","Not Started",TRUE,36.9767898386312,TRUE,TRUE
"TX0610065",23213,7.91045669,"System","Not Started",TRUE,2934.47027266387,TRUE,TRUE
"TX0610080",16500,6.51045876,"System","Not Started",TRUE,2534.38361385151,TRUE,TRUE
"TX0610081",45367,15.82974085,"System","Not Started",TRUE,2865.93447295759,TRUE,TRUE
"TX0610084",114,0.06697021,"System","Not Started",TRUE,1702.24940313014,TRUE,TRUE
"TX0610091",2979,1.6085627,"System","Not Started",TRUE,1851.96386811655,TRUE,TRUE
"TX0610195",87,0.05763969,"System","Not Started",TRUE,1509.37661184507,TRUE,TRUE
"TX0610228",13325,2.73578445,"System","Not Started",TRUE,4870.63226052038,TRUE,TRUE
"TX0610235",10430,28.13034899,"System","Not Started",TRUE,370.773928318761,TRUE,TRUE
"TX0610244",7128,1.01670464,"System","Not Started",TRUE,7010.88567865688,TRUE,TRUE
"TX0610253",5805,0.85306398,"System","Not Started",TRUE,6804.88232547341,TRUE,TRUE
"TX0610259",5160,0.74507975,"System","Not Started",TRUE,6925.43314994133,TRUE,TRUE
"TX0610261",5061,0.73761555,"DISTRICTBND","Not Started",TRUE,6861.29786716129,TRUE,TRUE
"TX0610273",0,NA,NA,NA,FALSE,NA,FALSE,FALSE
"TX0620001",9807,14.89809372,"System","Not Started",TRUE,658.272137651716,TRUE,TRUE
"TX0620003",5814,4.5074149,"CCNBND","Not Started",TRUE,1289.87460195865,TRUE,TRUE
"TX0640002",5830,3.18297467,"System","Not Started",TRUE,1831.6199795583,TRUE,TRUE
"TX0660003",6291,5.96963411,"System","Not Started",TRUE,1053.83343167744,TRUE,TRUE
"TX0670001",4076,7.33371213,"CCNBND","Not Started",TRUE,555.789473018216,TRUE,TRUE
"TX0670002",3609,4.40268852,"System","Not Started",TRUE,819.7263975422,TRUE,TRUE
"TX0680002",123334,52.78069001,"System","Not Started",TRUE,2336.72579832952,TRUE,TRUE
"TX0680235",15300,17.81724921,"System","Not Started",TRUE,858.718414928653,TRUE,TRUE
"TX0700001",24891,25.79917927,"System","Not Started",TRUE,964.798133285734,TRUE,TRUE
"TX0700005",27699,49.24313021,"System","Not Started",TRUE,562.494704984759,TRUE,TRUE
"TX0700008",50814,48.18902418,"System","Not Started",TRUE,1054.47248340608,TRUE,TRUE
"TX0700031",18577,5.78247386,"System","Not Started",TRUE,3212.63882029896,TRUE,TRUE
"TX0700033",46614,144.07862763,"System","Not Started",TRUE,323.531676882061,TRUE,TRUE
"TX0700034",20736,34.11030552,"System","Not Started",TRUE,607.910122289635,TRUE,TRUE
"TX0700037",8218,60.04434062,"System","Not Started",TRUE,136.865521631904,TRUE,TRUE
"TX0700042",23988,97.01172277,"System","Not Started",TRUE,247.269085787414,TRUE,TRUE
"TX0700064",444,0.46733945,"System","Not Started",TRUE,950.058891882549,TRUE,TRUE
"TX0700067",4532,4.61651615,"System","Not Started",TRUE,981.692655835288,TRUE,TRUE
"TX0710001",5555,4.89120741,"System","Not Started",TRUE,1135.71139687164,TRUE,TRUE
"TX0710002",747168,291.91742119,"System","Not Started",TRUE,2559.51836294721,TRUE,TRUE
"TX0710005",31542,140.62914306,"DISTRICTBND","Not Started",TRUE,224.292058627865,TRUE,TRUE
"TX0710018",9444,1.34860784,"DISTRICTBND","Not Started",TRUE,7002.7770267152,TRUE,TRUE
"TX0710019",3600,29.00997182,"System","Not Started",TRUE,124.095260151825,TRUE,TRUE
"TX0710020",28000,172.86575472,"System","Not Started",TRUE,161.975401347439,TRUE,TRUE
"TX0710078",2961,5.75212604,"Upload","Not Started",TRUE,514.766188955067,TRUE,TRUE
"TX0710154",59049,223.89985365,"System","Not Started",TRUE,263.729515841066,TRUE,TRUE
"TX0710178",11480,16.6332854,"System","Not Started",TRUE,690.182349663765,TRUE,TRUE
"TX0710186",36773,3.45937657,"System","Not Started",TRUE,10629.9500085936,TRUE,TRUE
"TX0710187",15000,8.14801967,"Upload","Not Started",TRUE,1840.93811840295,TRUE,TRUE
"TX0720001",3388,2.85204794,"CCNBND","Not Started",TRUE,1187.91832089611,TRUE,TRUE
"TX0720002",23110,11.99600009,"Upload","Not Started",TRUE,1926.47547737723,TRUE,TRUE
"TX0730002",5967,6.70274937,"CCNBND","Not Started",TRUE,890.231705023457,TRUE,TRUE
"TX0730004",5353,72.81884175,"System","Not Started",TRUE,73.5111939623786,TRUE,TRUE
"TX0740001",10746,12.21286132,"System","Not Started",TRUE,879.892084126277,TRUE,TRUE
"TX0740031",9198,167.51575082,"System","Not Started",TRUE,54.9082695506257,TRUE,TRUE
"TX0740044",3011,267.5614211,"System","Not Started",TRUE,11.2534908344453,TRUE,TRUE
"TX0750003",4973,6.07260075,"System","Not Started",TRUE,818.924247572179,TRUE,TRUE
"TX0750022",5802,410.76661601,"System","Not Started",TRUE,14.1248090128599,TRUE,TRUE
"TX0790001",3089,1.72412283,"System","Not Started",TRUE,1791.63569222037,TRUE,TRUE
"TX0790003",43158,17.32634897,"System","Not Started",TRUE,2490.88830397718,TRUE,TRUE
"TX0790004",49173,11.28524279,"System","Not Started",TRUE,4357.28330484594,TRUE,TRUE
"TX0790005",90909,31.28183551,"System","Not Started",TRUE,2906.12742244421,TRUE,TRUE
"TX0790023",25326,6.47095906,"System","Not Started",TRUE,3913.79388513702,TRUE,TRUE
"TX0790025",5000,0.93415407,"PWS","Not Started",TRUE,5352.43613507994,TRUE,TRUE
"TX0790028",14409,2.66528539,"System","Not Started",TRUE,5406.17528391584,TRUE,TRUE
"TX0790033",4203,1.21289839,"System","Not Started",TRUE,3465.25317755595,TRUE,TRUE
"TX0790038",6819,0.98569892,"System","Not Started",TRUE,6917.93392651785,TRUE,TRUE
"TX0790051",7545,1.32669208,"System","Not Started",TRUE,5687.07698925888,TRUE,TRUE
"TX0790085",3365,0.44510472,"System","Not Started",TRUE,7560.01868504113,TRUE,TRUE
"TX0790112",4260,0.55094902,"System","Not Started",TRUE,7732.11285501515,TRUE,TRUE
"TX0790130",15327,2.39119794,"System","Not Started",TRUE,6409.75794751646,TRUE,TRUE
"TX0790132",14913,2.55441415,"System","Not Started",TRUE,5838.12926341643,TRUE,TRUE
"TX0790133",34000,11.50133639,"System","Not Started",TRUE,2956.17820808735,TRUE,TRUE
"TX0790137",5424,0.92608057,"System","Not Started",TRUE,5856.94179935122,TRUE,TRUE
"TX0790146",16794,3.15287626,"System","Not Started",TRUE,5326.5648934792,TRUE,TRUE
"TX0790158",8663,1.5783771,"System","Not Started",TRUE,5488.54896589668,TRUE,TRUE
"TX0790174",9096,1.05985364,"System","Not Started",TRUE,8582.31708295119,TRUE,TRUE
"TX0790200",5367,1.04896481,"System","Not Started",TRUE,5116.47287767451,TRUE,TRUE
"TX0790216",3812,0.97421027,"System","Not Started",TRUE,3912.91296898358,TRUE,TRUE
"TX0790229",4179,0.55909254,"DISTRICTBND","Not Started",TRUE,7474.61234235034,TRUE,TRUE
"TX0790230",7818,1.66071322,"System","Not Started",TRUE,4707.61592419912,TRUE,TRUE
"TX0790237",13695,2.00248419,"System","Not Started",TRUE,6839.00530570481,TRUE,TRUE
"TX0790253",15546,2.99900888,"Upload","Not Started",TRUE,5183.71256039762,TRUE,TRUE
"TX0790254",4395,0.82573802,"System","Not Started",TRUE,5322.51136988945,TRUE,TRUE
"TX0790267",3969,0.73876851,"System","Not Started",TRUE,5372.45422114703,TRUE,TRUE
"TX0790268",4107,1.7283671,"System","Not Started",TRUE,2376.23129947336,TRUE,TRUE
"TX0790277",6234,2.11911158,"System","Not Started",TRUE,2941.79884572194,TRUE,TRUE
"TX0790296",12368,3.04390762,"System","Not Started",TRUE,4063.19821230317,TRUE,TRUE
"TX0790306",4743,1.0873677,"System","Not Started",TRUE,4361.90995925297,TRUE,TRUE
"TX0790307",3828,0.75721345,"DISTRICTBND","Not Started",TRUE,5055.37771417029,TRUE,TRUE
"TX0790324",5613,0.62784221,"System","Not Started",TRUE,8940.14437162484,TRUE,TRUE
"TX0790332",6450,0.93012241,"System","Not Started",TRUE,6934.57111736508,TRUE,TRUE
"TX0790343",4239,0.9976346,"System","Not Started",TRUE,4249.05070453651,TRUE,TRUE
"TX0790345",4847,1.48654653,"System","Not Started",TRUE,3260.57738670313,TRUE,TRUE
"TX0790347",4641,0.72128459,"System","Not Started",TRUE,6434.35346372782,TRUE,TRUE
"TX0790354",4278,1.1305869,"System","Not Started",TRUE,3783.87543673114,TRUE,TRUE
"TX0790366",5346,0.96794747,"System","Not Started",TRUE,5523.02698823109,TRUE,TRUE
"TX0790367",4833,1.16843717,"System","Not Started",TRUE,4136.29429471163,TRUE,TRUE
"TX0790376",7365,1.83323929,"System","Not Started",TRUE,4017.47880932663,TRUE,TRUE
"TX0790382",5088,0.80839171,"DISTRICTBND","Not Started",TRUE,6293.97844765133,TRUE,TRUE
"TX0790388",3950,NA,NA,NA,FALSE,NA,FALSE,FALSE
"TX0790393",3477,0.76762348,"System","Not Started",TRUE,4529.56441613797,TRUE,TRUE
"TX0790412",2544,0.41526646,"System","Not Started",TRUE,6126.18702699948,TRUE,TRUE
"TX0790416",3366,0.54757742,"System","Not Started",TRUE,6147.07596964097,TRUE,TRUE
"TX0790422",6192,1.1450297,"System","Not Started",TRUE,5407.71999189191,TRUE,TRUE
"TX0790429",11595,2.63295002,"System","Not Started",TRUE,4403.80558382191,TRUE,TRUE
"TX0790430",6663,0.94811345,"System","Not Started",TRUE,7027.63999392689,TRUE,TRUE
"TX0790433",6297,1.19533152,"System","Not Started",TRUE,5267.99460621602,TRUE,TRUE
"TX0790435",5985,1.18032062,"System","Not Started",TRUE,5070.65614087128,TRUE,TRUE
"TX0790437",4713,1.03945871,"System","Not Started",TRUE,4534.09063261397,TRUE,TRUE
"TX0790443",10233,2.20147871,"DISTRICTBND","Not Started",TRUE,4648.23936453149,TRUE,TRUE
"TX0790444",7362,1.44427299,"System","Not Started",TRUE,5097.37428517582,TRUE,TRUE
"TX0790446",4143,0.80443972,"System","Not Started",TRUE,5150.16836811589,TRUE,TRUE
"TX0790452",7824,1.5070685,"System","Not Started",TRUE,5191.53575301985,TRUE,TRUE
"TX0790455",5335,0.91392542,"DISTRICTBND","Not Started",TRUE,5837.45662747842,TRUE,TRUE
"TX0790458",10629,2.18031438,"System","Not Started",TRUE,4874.98504688117,TRUE,TRUE
"TX0790462",2934,0.92577803,"System","Not Started",TRUE,3169.22621289684,TRUE,TRUE
"TX0790470",4314,0.58808158,"System","Not Started",TRUE,7335.71692553268,TRUE,TRUE
"TX0790472",7245,1.0920399,"System","Not Started",TRUE,6634.37297483361,TRUE,TRUE
"TX0790481",5496,1.37853835,"DISTRICTBND","Not Started",TRUE,3986.83141459213,TRUE,TRUE
"TX0790521",5187,1.05748079,"System","Not Started",TRUE,4905.05364168365,TRUE,TRUE
"TX0790522",6093,1.07876578,"System","Not Started",TRUE,5648.12131879081,TRUE,TRUE
"TX0790532",7356,1.78778279,"System","Not Started",TRUE,4114.5938092401,TRUE,TRUE
"TX0790533",7260,1.37721434,"System","Not Started",TRUE,5271.51060596711,TRUE,TRUE
"TX0800003",13698,306.48659133,"System","Not Started",TRUE,44.6936355047621,TRUE,TRUE
"TX0810001",3005,4.37623756,"System","Not Started",TRUE,686.662905932374,TRUE,TRUE
"TX0810002",5688,8.51608249,"System","Not Started",TRUE,667.91274117872,TRUE,TRUE
"TX0810005",3753,122.04026654,"System","Not Started",TRUE,30.7521452255261,TRUE,TRUE
"TX0820001",4505,4.23916823,"System","Not Started",TRUE,1062.70847382719,TRUE,TRUE
"TX0820002",8985,5.94941709,"CITYBND","Not Started",TRUE,1510.23198812239,TRUE,TRUE
"TX0830012",7386,3.36579872,"PWS","Not Started",TRUE,2194.42712248699,TRUE,TRUE
"TX0840001",30399,10.51931479,"Upload","Not Started",TRUE,2889.82700935029,TRUE,TRUE
"TX0840002",43190,20.79688247,"PWS","Not Started",TRUE,2076.75357411394,TRUE,TRUE
"TX0840003",52326,47.63927698,"OTHER","Not Started",TRUE,1098.3793902239,TRUE,TRUE
"TX0840004",8346,65.12487956,"System","Not Started",TRUE,128.153787867059,TRUE,TRUE
"TX0840006",15154,13.72069331,"System","Not Started",TRUE,1104.4631388237,TRUE,TRUE
"TX0840007",149557,50.25480379,"System","Not Started",TRUE,2975.97420984777,TRUE,TRUE
"TX0840008",61541,62.25301847,"System","Not Started",TRUE,988.562506887226,TRUE,TRUE
"TX0840009",7065,1.52494836,"Upload","Not Started",TRUE,4632.94376735485,TRUE,TRUE
"TX0840011",8900,2.00981348,"DISTRICTBND","Not Started",TRUE,4428.27162249902,TRUE,TRUE
"TX0840031",8721,1.74636019,"System","Not Started",TRUE,4993.81516478568,TRUE,TRUE
"TX0840044",18424,54.60423358,"DISTRICTBND","Not Started",TRUE,337.409735327705,TRUE,TRUE
"TX0840063",11622,4.85048272,"DISTRICTBND","Not Started",TRUE,2396.0501811663,TRUE,TRUE
"TX0850001",5471,3.76475781,"System","Not Started",TRUE,1453.21433040602,TRUE,TRUE
"TX0860001",11257,11.27283744,"System","Not Started",TRUE,998.595079536603,TRUE,TRUE
"TX0890001",9172,14.32499605,"CCNBND","Not Started",TRUE,640.279408663432,TRUE,TRUE
"TX0890006",10350,584.62960514,"System","Not Started",TRUE,17.7035167377839,TRUE,TRUE
"TX0900003",17994,9.82045844,"System","Not Started",TRUE,1832.29735250527,TRUE,TRUE
"TX0910003",27500,84.91558149,"System","Not Started",TRUE,323.851047327969,TRUE,TRUE
"TX0910006",43645,79.64667658,"System","Not Started",TRUE,547.982688972105,TRUE,TRUE
"TX0910009",7000,7.50579358,"System","Not Started",TRUE,932.612910998813,TRUE,TRUE
"TX0910010",4192,7.46103091,"System","Not Started",TRUE,561.852651539276,TRUE,TRUE
"TX0910022",6804,129.96983857,"System","Not Started",TRUE,52.3506074552478,TRUE,TRUE
"TX0910032",4200,27.24259683,"System","Not Started",TRUE,154.170324738459,TRUE,TRUE
"TX0910052",4341,19.67506534,"System","Not Started",TRUE,220.63459129534,TRUE,TRUE
"TX0910064",6750,48.76288833,"System","Not Started",TRUE,138.424942229012,TRUE,TRUE
"TX0910081",0,NA,NA,NA,FALSE,NA,FALSE,FALSE
"TX0920001",6441,14.41603677,"System","Not Started",TRUE,446.794087914913,TRUE,TRUE
"TX0920003",14948,24.98243787,"System","Not Started",TRUE,598.340325223032,TRUE,TRUE
"TX0920004",83236,56.14518126,"Upload","Not Started",TRUE,1482.51369275212,TRUE,TRUE
"TX0920006",6469,10.47109511,"System","Not Started",TRUE,617.795935577172,TRUE,TRUE
"TX0920016",6540,25.80349985,"System","Not Started",TRUE,253.453990273339,TRUE,TRUE
"TX0920019",9021,50.49713563,"System","Not Started",TRUE,178.643796077825,TRUE,TRUE
"TX0920021",10791,31.05192498,"System","Not Started",TRUE,347.514687316496,TRUE,TRUE
"TX0920022",5127,34.36532826,"System","Not Started",TRUE,149.191067264375,TRUE,TRUE
"TX0930001",8068,7.54599516,"System","Not Started",TRUE,1069.17640800607,TRUE,TRUE
"TX0930003",4843,212.86477095,"System","Not Started",TRUE,22.7515336539064,TRUE,TRUE
"TX0940002",32736,20.35711689,"System","Not Started",TRUE,1608.0862617673,TRUE,TRUE
"TX0940003",41948,30.61088971,"System","Not Started",TRUE,1370.36199853728,TRUE,TRUE
"TX0940015",20766,200.95373208,"System","Not Started",TRUE,103.337219891657,TRUE,TRUE
"TX0940018",20331,8.61161595,"System","Not Started",TRUE,2360.88094476624,TRUE,TRUE
"TX0940020",52497,149.35094019,"System","Not Started",TRUE,351.500967675294,TRUE,TRUE
"TX0940022",35541,208.75035033,"System","Not Started",TRUE,170.256001696838,TRUE,TRUE
"TX0950004",21104,18.51813621,"System","Not Started",TRUE,1139.63952747057,TRUE,TRUE
"TX0980001",3172,1.81487576,"PWS","Not Started",TRUE,1747.77804074038,TRUE,TRUE
"TX1000002",10026,10.40711275,"System","Not Started",TRUE,963.379588637588,TRUE,TRUE
"TX1000015",7755,46.37667448,"System","Not Started",TRUE,167.217681883257,TRUE,TRUE
"TX1000035",31428,51.58325644,"System","Not Started",TRUE,609.267467178154,TRUE,TRUE
"TX1000055",4630,289.92717254,"System","Not Started",TRUE,15.9695276556433,TRUE,TRUE
"TX1010003",86004,42.89703321,"System","Not Started",TRUE,2004.89389508529,TRUE,TRUE
"TX1010004",18090,3.57728429,"System","Not Started",TRUE,5056.90868644941,TRUE,TRUE
"TX1010007",34495,9.9977017,"System","Not Started",TRUE,3450.29298083579,TRUE,TRUE
"TX1010009",10487,2.14618288,"System","Not Started",TRUE,4886.34966652982,TRUE,TRUE
"TX1010012",3933,0.76035235,"System","Not Started",TRUE,5172.60188648066,TRUE,TRUE
"TX1010013",2970543,519.04995323,"System","Not Started",TRUE,5723.03875862927,TRUE,TRUE
"TX1010014",15616,10.08968796,"Upload","Not Started",TRUE,1547.71882558794,TRUE,TRUE
"TX1010015",9613,1.76779252,"PWS","Not Started",TRUE,5437.85534288832,TRUE,TRUE
"TX1010016",7792,3.53677987,"System","Not Started",TRUE,2203.13400505754,TRUE,TRUE
"TX1010017",25253,16.07108732,"System","Not Started",TRUE,1571.33114251538,TRUE,TRUE
"TX1010018",36569,20.06537968,"System","Not Started",TRUE,1822.49230182521,TRUE,TRUE
"TX1010022",6819,0.93544243,"PWS","Not Started",TRUE,7289.59878375412,TRUE,TRUE
"TX1010026",17532,13.30693071,"System","Not Started",TRUE,1317.50892689513,TRUE,TRUE
"TX1010027",19200,1.96993557,"PWS","Not Started",TRUE,9746.5116587544,TRUE,TRUE
"TX1010056",89702,16.33541149,"System","Not Started",TRUE,5491.26050818571,TRUE,TRUE
"TX1010062",13560,5.80403093,"System","Not Started",TRUE,2336.30732908586,TRUE,TRUE
"TX1010106",3771,1.42592122,"PWS","Not Started",TRUE,2644.60613048454,TRUE,TRUE
"TX1010113",6552,1.89240524,"System","Not Started",TRUE,3462.26054626651,TRUE,TRUE
"TX1010124",4752,0.94520589,"Upload","Not Started",TRUE,5027.47607719626,TRUE,TRUE
"TX1010148",11382,4.78999033,"System","Not Started",TRUE,2376.20521459383,TRUE,TRUE
"TX1010152",5347,1.24436404,"CCNBND","Not Started",TRUE,4296.97405913466,TRUE,TRUE
"TX1010159",8559,3.0398636,"System","Not Started",TRUE,2815.58685725241,TRUE,TRUE
"TX1010210",5082,0.71472085,"DISTRICTBND","Not Started",TRUE,7110.46837377138,TRUE,TRUE
"TX1010214",4229,1.15029854,"System","Not Started",TRUE,3676.43690132824,TRUE,TRUE
"TX1010226",13710,5.48611943,"System","Not Started",TRUE,2499.03418526199,TRUE,TRUE
"TX1010233",4098,1.33978453,"System","Not Started",TRUE,3058.70078974565,TRUE,TRUE
"TX1010237",15400,2.79745506,"System","Not Started",TRUE,5505.00353703627,TRUE,TRUE
"TX1010238",19671,1.88316068,"DISTRICTBND","Not Started",TRUE,10445.7363670104,TRUE,TRUE
"TX1010239",11073,1.9820017,"System","Not Started",TRUE,5586.77623737659,TRUE,TRUE
"TX1010250",8530,NA,NA,NA,FALSE,NA,FALSE,FALSE
"TX1010260",4250,0.77219056,"System","Not Started",TRUE,5503.82278695559,TRUE,TRUE
"TX1010277",5337,0.5597727,"System","Not Started",TRUE,9534.22701750193,TRUE,TRUE
"TX1010278",24507,3.1944263,"DISTRICTBND","Not Started",TRUE,7671.80009756369,TRUE,TRUE
"TX1010292",8946,0.96125496,"Upload","Not Started",TRUE,9306.58396810769,TRUE,TRUE
"TX1010293",152000,45.48511153,"System","Not Started",TRUE,3341.75282608129,TRUE,TRUE
"TX1010294",17397,3.07409928,"System","Not Started",TRUE,5659.21865737531,TRUE,TRUE
"TX1010317",5160,1.11945083,"DISTRICTBND","Not Started",TRUE,4609.40298735586,TRUE,TRUE
"TX1010331",4941,0.67931498,"System","Not Started",TRUE,7273.50366982927,TRUE,TRUE
"TX1010337",12162,2.56484617,"Upload","Not Started",TRUE,4741.80484672108,TRUE,TRUE
"TX1010340",6720,0.90926112,"DISTRICTBND","Not Started",TRUE,7390.61624014013,TRUE,TRUE
"TX1010348",80073,32.51697088,"System","Not Started",TRUE,2462.49874551661,TRUE,TRUE
"TX1010359",10134,1.27339172,"System","Not Started",TRUE,7958.27382951728,TRUE,TRUE
"TX1010362",13191,3.74775305,"System","Not Started",TRUE,3519.70896268099,TRUE,TRUE
"TX1010379",8900,1.40271591,"System","Not Started",TRUE,6344.83428650923,TRUE,TRUE
"TX1010384",10101,1.09176506,"DISTRICTBND","Not Started",TRUE,9251.99053356773,TRUE,TRUE
"TX1010386",6975,0.90467234,"Upload","Not Started",TRUE,7709.97375690739,TRUE,TRUE
"TX1010387",13863,1.38961285,"System","Not Started",TRUE,9976.15990669632,TRUE,TRUE
"TX1010413",3501,0.50929145,"System","Not Started",TRUE,6874.25638109574,TRUE,TRUE
"TX1010418",18108,2.94618269,"System","Not Started",TRUE,6146.25836390343,TRUE,TRUE
"TX1010426",3645,0.59929378,"DISTRICTBND","Not Started",TRUE,6082.15890376837,TRUE,TRUE
"TX1010429",14718,1.31680138,"System","Not Started",TRUE,11177.0842767495,TRUE,TRUE
"TX1010431",3960,0.74136479,"System","Not Started",TRUE,5341.49996521955,TRUE,TRUE
"TX1010432",4305,0.66835413,"System","Not Started",TRUE,6441.19607669665,TRUE,TRUE
"TX1010435",4614,0.78799107,"System","Not Started",TRUE,5855.3963054429,TRUE,TRUE
"TX1010467",5940,0.6651558,"Upload","Not Started",TRUE,8930.23859973859,TRUE,TRUE
"TX1010471",3591,0.49017348,"System","Not Started",TRUE,7325.97773343429,TRUE,TRUE
"TX1010480",5886,0.55524082,"DISTRICTBND","Not Started",TRUE,10600.8056107979,TRUE,TRUE
"TX1010482",9807,2.02859288,"System","Not Started",TRUE,4834.38549779392,TRUE,TRUE
"TX1010494",7106,0.89215068,"System","Not Started",TRUE,7965.02223144637,TRUE,TRUE
"TX1010495",7231,1.39408098,"System","Not Started",TRUE,5186.92967176125,TRUE,TRUE
"TX1010496",3936,0.62902566,"System","Not Started",TRUE,6257.29640345674,TRUE,TRUE
"TX1010500",5487,1.08642849,"DISTRICTBND","Not Started",TRUE,5050.49347518492,TRUE,TRUE
"TX1010501",11262,1.23824297,"DISTRICTBND","Not Started",TRUE,9095.14551897678,TRUE,TRUE
"TX1010503",10401,1.24129498,"System","Not Started",TRUE,8379.15255244164,TRUE,TRUE
"TX1010507",3627,0.62305115,"System","Not Started",TRUE,5821.35190666128,TRUE,TRUE
"TX1010509",9150,1.42124109,"Upload","Not Started",TRUE,6438.03508382944,TRUE,TRUE
"TX1010512",4083,0.74979816,"System","Not Started",TRUE,5445.46548367097,TRUE,TRUE
"TX1010535",6969,0.82538622,"System","Not Started",TRUE,8443.32002538157,TRUE,TRUE
"TX1010538",8346,1.0672156,"DISTRICTBND","Not Started",TRUE,7820.35045214856,TRUE,TRUE
"TX1010539",12342,1.56421482,"DISTRICTBND","Not Started",TRUE,7890.22060281976,TRUE,TRUE
"TX1010540",4182,0.75040811,"System","Not Started",TRUE,5572.96748831779,TRUE,TRUE
"TX1010541",7326,1.04091263,"System","Not Started",TRUE,7038.0546732342,TRUE,TRUE
"TX1010548",6612,0.55940104,"DISTRICTBND","Not Started",TRUE,11819.7849614295,TRUE,TRUE
"TX1010554",10527,1.34042934,"System","Not Started",TRUE,7853.45387918769,TRUE,TRUE
"TX1010565",5940,0.94495785,"System","Not Started",TRUE,6285.99466103171,TRUE,TRUE
"TX1010572",14796,1.81524273,"Upload","Not Started",TRUE,8150.97604054307,TRUE,TRUE
"TX1010581",11514,1.44909223,"System","Not Started",TRUE,7945.66402443549,TRUE,TRUE
"TX1010592",7002,2.09738466,"System","Not Started",TRUE,3338.44341171066,TRUE,TRUE
"TX1010593",18168,2.32535001,"System","Not Started",TRUE,7813.01736163151,TRUE,TRUE
"TX1010600",4422,0.5624916,"System","Not Started",TRUE,7861.45073099758,TRUE,TRUE
"TX1010615",9405,1.75129517,"DISTRICTBND","Not Started",TRUE,5370.31116233821,TRUE,TRUE
"TX1010616",8682,1.72149507,"DISTRICTBND","Not Started",TRUE,5043.2906554882,TRUE,TRUE
"TX1010617",9480,1.25004871,"System","Not Started",TRUE,7583.70447820389,TRUE,TRUE
"TX1010620",9501,1.99880512,"DISTRICTBND","Not Started",TRUE,4753.33983535123,TRUE,TRUE
"TX1010625",5400,0.74628579,"System","Not Started",TRUE,7235.83387538439,TRUE,TRUE
"TX1010626",4758,0.98208821,"System","Not Started",TRUE,4844.77865791709,TRUE,TRUE
"TX1010630",18990,3.38757379,"System","Not Started",TRUE,5605.78194814762,TRUE,TRUE
"TX1010631",3747,0.53054225,"DISTRICTBND","Not Started",TRUE,7062.58549625407,TRUE,TRUE
"TX1010632",5832,0.74565424,"System","Not Started",TRUE,7821.3194362041,TRUE,TRUE
"TX1010634",7647,1.12446347,"System","Not Started",TRUE,6800.57663411689,TRUE,TRUE
"TX1010635",3909,0.58909259,"System","Not Started",TRUE,6635.62921407652,TRUE,TRUE
"TX1010649",3170,0.73213669,"System","Not Started",TRUE,4329.79256919907,TRUE,TRUE
"TX1010654",5607,1.11730584,"System","Not Started",TRUE,5018.32157254275,TRUE,TRUE
"TX1010678",16392,2.15593616,"System","Not Started",TRUE,7603.19359363591,TRUE,TRUE
"TX1010687",3717,0.99060298,"DISTRICTBND","Not Started",TRUE,3752.26006285586,TRUE,TRUE
"TX1010712",3271,0.67916765,"DISTRICTBND","Not Started",TRUE,4816.18934588536,TRUE,TRUE
"TX1010715",17178,2.14322507,"System","Not Started",TRUE,8015.02382575247,TRUE,TRUE
"TX1010719",4743,2.03709177,"System","Not Started",TRUE,2328.31925878332,TRUE,TRUE
"TX1010720",17856,2.30491705,"System","Not Started",TRUE,7746.91653220232,TRUE,TRUE
"TX1010721",2016,0.79905352,"DISTRICTBND","Not Started",TRUE,2522.98494348664,TRUE,TRUE
"TX1010728",5346,1.30696458,"System","Not Started",TRUE,4090.3939416629,TRUE,TRUE
"TX1010745",6708,0.37114107,"DISTRICTBND","Not Started",TRUE,18073.9900329543,TRUE,TRUE
"TX1010750",7323,1.27306054,"System","Not Started",TRUE,5752.27946347312,TRUE,TRUE
"TX1010758",4578,0.73172887,"System","Not Started",TRUE,6256.41571310423,TRUE,TRUE
"TX1010767",4557,0.68447915,"System","Not Started",TRUE,6657.6169632048,TRUE,TRUE
"TX1010768",2229,1.25916669,"DISTRICTBND","Not Started",TRUE,1770.21836560813,TRUE,TRUE
"TX1010769",13845,3.87046335,"DISTRICTBND","Not Started",TRUE,3577.09109944162,TRUE,TRUE
"TX1010774",13197,1.35601381,"System","Not Started",TRUE,9732.20176865308,TRUE,TRUE
"TX1010782",8917,1.07931783,"System","Not Started",TRUE,8261.69989242186,TRUE,TRUE
"TX1010837",4000,NA,NA,NA,FALSE,NA,FALSE,FALSE
"TX1010872",6969,0.87056168,"DISTRICTBND","Not Started",TRUE,8005.17661195471,TRUE,TRUE
"TX1010883",8160,0.85580857,"System","Not Started",TRUE,9534.84258751931,TRUE,TRUE
"TX1010884",25425,4.49582521,"System","Not Started",TRUE,5655.24654816374,TRUE,TRUE
"TX1010897",6678,0.7832272,"DISTRICTBND","Not Started",TRUE,8526.26160072071,TRUE,TRUE
"TX1010902",7314,1.23692007,"System","Not Started",TRUE,5913.07407599911,TRUE,TRUE
"TX1010903",5418,0.63289447,"System","Not Started",TRUE,8560.66889002838,TRUE,TRUE
"TX1010905",7464,1.48711468,"System","Not Started",TRUE,5019.11527092181,TRUE,TRUE
"TX1010908",8415,0.44662951,"System","Not Started",TRUE,18841.1195668643,TRUE,TRUE
"TX1010910",5409,0.88886258,"Upload","Not Started",TRUE,6085.30510981799,TRUE,TRUE
"TX1010919",3912,1.75111735,"System","Not Started",TRUE,2234.00219294269,TRUE,TRUE
"TX1010924",7170,0.70854273,"System","Not Started",TRUE,10119.3614674446,TRUE,TRUE
"TX1010925",1581,0.64922213,"System","Not Started",TRUE,2435.22197864697,TRUE,TRUE
"TX1010938",5448,1.18603025,"Upload","Not Started",TRUE,4593.47474484736,TRUE,TRUE
"TX1011014",3732,3.1561111,"System","Not Started",TRUE,1182.46787953694,TRUE,TRUE
"TX1011019",8076,0.96820578,"DISTRICTBND","Not Started",TRUE,8341.20201182852,TRUE,TRUE
"TX1011029",6921,0.8166546,"System","Not Started",TRUE,8474.81909732707,TRUE,TRUE
"TX1011107",6717,0.75330429,"System","Not Started",TRUE,8916.71544841461,TRUE,TRUE
"TX1011143",3504,0.57626943,"System","Not Started",TRUE,6080.48912120846,TRUE,TRUE
"TX1011162",5181,0.89103557,"DISTRICTBND","Not Started",TRUE,5814.58268832074,TRUE,TRUE
"TX1011227",14925,1.55430443,"System","Not Started",TRUE,9602.36599209847,TRUE,TRUE
"TX1011242",6615,0.89036197,"System","Not Started",TRUE,7429.56260811544,TRUE,TRUE
"TX1011249",10377,1.47498186,"DISTRICTBND","Not Started",TRUE,7035.34076005518,TRUE,TRUE
"TX1011250",6786,1.06431099,"DISTRICTBND","Not Started",TRUE,6375.95596001503,TRUE,TRUE
"TX1011256",3678,0.62373485,"DISTRICTBND","Not Started",TRUE,5896.73640970999,TRUE,TRUE
"TX1011258",3435,0.36533932,"System","Not Started",TRUE,9402.2181899282,TRUE,TRUE
"TX1011296",3543,0.52409664,"DISTRICTBND","Not Started",TRUE,6760.20361435631,TRUE,TRUE
"TX1011410",19338,1.66109931,"System","Not Started",TRUE,11641.6880577718,TRUE,TRUE
"TX1011430",13062,1.74790652,"System","Not Started",TRUE,7472.93968558456,TRUE,TRUE
"TX1011462",10893,1.33421511,"System","Not Started",TRUE,8164.35064957404,TRUE,TRUE
"TX1011513",6726,0.6919487,"DISTRICTBND","Not Started",TRUE,9720.37377915444,TRUE,TRUE
"TX1011522",7428,1.02681562,"System","Not Started",TRUE,7234.01539216943,TRUE,TRUE
"TX1011534",4854,0.72769046,"DISTRICTBND","Not Started",TRUE,6670.41862827225,TRUE,TRUE
"TX1011550",24528,3.6252039,"System","Not Started",TRUE,6765.96425376239,TRUE,TRUE
"TX1011562",7000,NA,NA,NA,FALSE,NA,FALSE,FALSE
"TX1011585",6105,4.3583811,"System","Not Started",TRUE,1400.74946635575,TRUE,TRUE
"TX1011593",1104,3.57049797,"System","Not Started",TRUE,309.200567897256,TRUE,TRUE
"TX1011599",7848,0.97400482,"System","Not Started",TRUE,8057.45499288186,TRUE,TRUE
"TX1011600",6915,0.84919206,"System","Not Started",TRUE,8143.03421536937,TRUE,TRUE
"TX1011602",8907,1.47199947,"DISTRICTBND","Not Started",TRUE,6050.95326562855,TRUE,TRUE
"TX1011613",8976,1.19841411,"System","Not Started",TRUE,7489.89846256066,TRUE,TRUE
"TX1011642",8289,1.18830583,"System","Not Started",TRUE,6975.47701167131,TRUE,TRUE
"TX1011649",7671,1.88934769,"System","Not Started",TRUE,4060.13146262137,TRUE,TRUE
"TX1011678",6330,0.80934914,"Upload","Not Started",TRUE,7821.09930950195,TRUE,TRUE
"TX1011679",3711,0.5791932,"System","Not Started",TRUE,6407.18848218522,TRUE,TRUE
"TX1011681",4443,0.49163128,"System","Not Started",TRUE,9037.26060717699,TRUE,TRUE
"TX1011689",5301,0.73527082,"System","Not Started",TRUE,7209.58843436763,TRUE,TRUE
"TX1011690",5763,0.82151295,"DISTRICTBND","Not Started",TRUE,7015.10548312111,TRUE,TRUE
"TX1011692",5331,0.91114048,"System","Not Started",TRUE,5850.9089619199,TRUE,TRUE
"TX1011705",5982,0.43126606,"System","Not Started",TRUE,13870.7877916477,TRUE,TRUE
"TX1011714",1170,0.09932572,"System","Not Started",TRUE,11779.4263157619,TRUE,TRUE
"TX1011718",6546,1.05491731,"System","Not Started",TRUE,6205.22569678945,TRUE,TRUE
"TX1011728",5960,NA,NA,NA,FALSE,NA,FALSE,FALSE
"TX1011741",6048,0.81933689,"System","Not Started",TRUE,7381.57902300725,TRUE,TRUE
"TX1011746",4470,0.71805704,"DISTRICTBND","Not Started",TRUE,6225.13219841142,TRUE,TRUE
"TX1011778",3489,0.78329614,"DISTRICTBND","Not Started",TRUE,4454.2540449644,TRUE,TRUE
"TX1011783",13029,1.12433485,"System","Not Started",TRUE,11588.1847832076,TRUE,TRUE
"TX1011785",6597,1.06690752,"System","Not Started",TRUE,6183.29131282157,TRUE,TRUE
"TX1011798",5961,0.65436044,"System","Not Started",TRUE,9109.65827946445,TRUE,TRUE
"TX1011799",5892,0.76400249,"Upload","Not Started",TRUE,7712.01675010248,TRUE,TRUE
"TX1011809",6906,0.78722207,"DISTRICTBND","Not Started",TRUE,8772.61990380935,TRUE,TRUE
"TX1011823",17079,2.02997864,"PWS","Not Started",TRUE,8413.38901969924,TRUE,TRUE
"TX1011824",3981,0.54150944,"System","Not Started",TRUE,7351.67239189773,TRUE,TRUE
"TX1011826",10155,1.19484935,"System","Not Started",TRUE,8498.97939016329,TRUE,TRUE
"TX1011834",4464,0.53332013,"DISTRICTBND","Not Started",TRUE,8370.20721494237,TRUE,TRUE
"TX1011848",5115,0.33838,"DISTRICTBND","Not Started",TRUE,15116.1416159347,TRUE,TRUE
"TX1011870",4848,0.7232178,"System","Not Started",TRUE,6703.37483397118,TRUE,TRUE
"TX1011872",5397,1.05940635,"System","Not Started",TRUE,5094.36251727206,TRUE,TRUE
"TX1011901",7764,1.42168805,"System","Not Started",TRUE,5461.1136388183,TRUE,TRUE
"TX1011902",14169,3.02599843,"System","Not Started",TRUE,4682.42146444207,TRUE,TRUE
"TX1011908",11835,1.77600092,"System","Not Started",TRUE,6663.84789935807,TRUE,TRUE
"TX1011914",4617,0.16458284,"DISTRICTBND","Not Started",TRUE,28052.7423150554,TRUE,TRUE
"TX1011928",4662,0.64335251,"DISTRICTBND","Not Started",TRUE,7246.41612107801,TRUE,TRUE
"TX1011957",836,0.0241855,"System","Not Started",TRUE,34566.1656777821,TRUE,TRUE
"TX1011982",9453,0.74041566,"DISTRICTBND","Not Started",TRUE,12767.1529799896,TRUE,TRUE
"TX1011998",3429,0.52809941,"System","Not Started",TRUE,6493.09568439018,TRUE,TRUE
"TX1012007",14868,1.15178148,"System","Not Started",TRUE,12908.6986187692,TRUE,TRUE
"TX1012068",6697,1.0736237,"System","Not Started",TRUE,6237.753507118,TRUE,TRUE
"TX1012097",4572,1.18154193,"System","Not Started",TRUE,3869.51989084298,TRUE,TRUE
"TX1012133",11781,1.79627479,"System","Not Started",TRUE,6558.57336838758,TRUE,TRUE
"TX1012187",40503,6.83052214,"System","Not Started",TRUE,5929.70773973657,TRUE,TRUE
"TX1012213",5487,0.76024973,"DISTRICTBND","Not Started",TRUE,7217.3652728558,TRUE,TRUE
"TX1012214",4005,0.55994739,"DISTRICTBND","Not Started",TRUE,7152.45766213858,TRUE,TRUE
"TX1012227",4908,0.82952873,"DISTRICTBND","Not Started",TRUE,5916.6124360756,TRUE,TRUE
"TX1012228",5289,0.76016655,"System","Not Started",TRUE,6957.68578609517,TRUE,TRUE
"TX1012229",5247,0.75293398,"System","Not Started",TRUE,6968.73848089576,TRUE,TRUE
"TX1012264",6591,0.73985982,"DISTRICTBND","Not Started",TRUE,8908.44430503065,TRUE,TRUE
"TX1012297",6798,0.84629472,"System","Not Started",TRUE,8032.66266390035,TRUE,TRUE
"TX1012315",7089,1.58884657,"System","Not Started",TRUE,4461.72722643697,TRUE,TRUE
"TX1012330",3573,0.52048608,"DISTRICTBND","Not Started",TRUE,6864.73690132117,TRUE,TRUE
"TX1012361",7773,0.93291806,"System","Not Started",TRUE,8331.9214551383,TRUE,TRUE
"TX1012370",9033,0.82175524,"System","Not Started",TRUE,10992.3241864573,TRUE,TRUE
"TX1012378",11052,1.44651024,"DISTRICTBND","Not Started",TRUE,7640.45749168011,TRUE,TRUE
"TX1012392",5583,0.7644673,"DISTRICTBND","Not Started",TRUE,7303.12467256611,TRUE,TRUE
"TX1012419",3642,0.51186596,"DISTRICTBND","Not Started",TRUE,7115.14397245716,TRUE,TRUE
"TX1012542",4266,0.73149075,"DISTRICTBND","Not Started",TRUE,5831.92610432873,TRUE,TRUE
"TX1012677",14268,1.99751191,"System","Not Started",TRUE,7142.88607170307,TRUE,TRUE
"TX1012740",10404,0.84881564,"System","Not Started",TRUE,12257.0785806916,TRUE,TRUE
"TX1012768",3855,0.78685281,"System","Not Started",TRUE,4899.2644507427,TRUE,TRUE
"TX1012835",10584,1.83138237,"System","Not Started",TRUE,5779.24095665505,TRUE,TRUE
"TX1012842",16761,1.99065708,"System","Not Started",TRUE,8419.83291265817,TRUE,TRUE
"TX1012858",8205,1.5209375,"System","Not Started",TRUE,5394.69899321964,TRUE,TRUE
"TX1012865",4377,0.49505058,"System","Not Started",TRUE,8841.52079975343,TRUE,TRUE
"TX1012897",4707,1.26861213,"System","Not Started",TRUE,3710.35392827278,TRUE,TRUE
"TX1012941",4158,1.03450915,"DISTRICTBND","Not Started",TRUE,4019.29746102294,TRUE,TRUE
"TX1012942",5094,0.65538611,"DISTRICTBND","Not Started",TRUE,7772.51748591376,TRUE,TRUE
"TX1012953",5397,0.62430696,"System","Not Started",TRUE,8644.7858918632,TRUE,TRUE
"TX1012965",6588,1.15284522,"DISTRICTBND","Not Started",TRUE,5714.55724125742,TRUE,TRUE
"TX1012970",4404,0.97983147,"System","Not Started",TRUE,4494.65049331392,TRUE,TRUE
"TX1012971",3894,0.7300848,"System","Not Started",TRUE,5333.62699785011,TRUE,TRUE
"TX1012972",4839,0.69795062,"System","Not Started",TRUE,6933.15524241529,TRUE,TRUE
"TX1012973",4035,0.74793343,"DISTRICTBND","Not Started",TRUE,5394.86515531202,TRUE,TRUE
"TX1012981",3450,0.72298008,"DISTRICTBND","Not Started",TRUE,4771.9157075531,TRUE,TRUE
"TX1012985",3501,0.43081578,"System","Not Started",TRUE,8126.44327930607,TRUE,TRUE
"TX1013002",7026,1.09472845,"DISTRICTBND","Not Started",TRUE,6418.02996898455,TRUE,TRUE
"TX1013009",4461,1.12460447,"System","Not Started",TRUE,3966.727964366,TRUE,TRUE
"TX1013017",2639,0.81678366,"System","Not Started",TRUE,3230.96571251193,TRUE,TRUE
"TX1013034",5016,0.94106478,"System","Not Started",TRUE,5330.13253349041,TRUE,TRUE
"TX1013040",6759,1.61117204,"System","Not Started",TRUE,4195.08272996098,TRUE,TRUE
"TX1013050",1239,0.63039089,"System","Not Started",TRUE,1965.44718468251,TRUE,TRUE
"TX1013054",6129,0.7776862,"DISTRICTBND","Not Started",TRUE,7881.07079693583,TRUE,TRUE
"TX1013074",13746,2.85333069,"DISTRICTBND","Not Started",TRUE,4817.52782745277,TRUE,TRUE
"TX1013077",3906,0.49429579,"System","Not Started",TRUE,7902.1510581751,TRUE,TRUE
"TX1013078",3753,0.77187918,"System","Not Started",TRUE,4862.15990435187,TRUE,TRUE
"TX1013084",864,0.10527919,"System","Not Started",TRUE,8206.75007093045,TRUE,TRUE
"TX1013113",4452,0.98024324,"System","Not Started",TRUE,4541.72986696649,TRUE,TRUE
"TX1013123",3705,0.58737758,"System","Not Started",TRUE,6307.69734180184,TRUE,TRUE
"TX1013132",6168,0.89832855,"System","Not Started",TRUE,6866.08479714911,TRUE,TRUE
"TX1013156",6069,1.00986177,"DISTRICTBND","Not Started",TRUE,6009.7333915314,TRUE,TRUE
"TX1013160",4668,0.79653628,"DISTRICTBND","Not Started",TRUE,5860.37336554212,TRUE,TRUE
"TX1013175",10530,1.70380084,"System","Not Started",TRUE,6180.29980546318,TRUE,TRUE
"TX1013178",3573,0.61406895,"System","Not Started",TRUE,5818.56483705942,TRUE,TRUE
"TX1013213",4881,1.2286312,"DISTRICTBND","Not Started",TRUE,3972.71369960327,TRUE,TRUE
"TX1013253",8835,1.19914715,"DISTRICTBND","Not Started",TRUE,7367.73631159445,TRUE,TRUE
"TX1013261",4200,0.66225596,"System","Not Started",TRUE,6341.95877980472,TRUE,TRUE
"TX1013289",3750,0.79161547,"DISTRICTBND","Not Started",TRUE,4737.14845416045,TRUE,TRUE
"TX1013294",8259,1.3107623,"DISTRICTBND","Not Started",TRUE,6300.91359814056,TRUE,TRUE
"TX1013295",4413,0.92083877,"System","Not Started",TRUE,4792.36989554643,TRUE,TRUE
"TX1013305",18018,5.00522096,"System","Not Started",TRUE,3599.84107474848,TRUE,TRUE
"TX1013310",5217,0.93800028,"System","Not Started",TRUE,5561.83202845099,TRUE,TRUE
"TX1013335",7389,3.41752373,"System","Not Started",TRUE,2162.09179036191,TRUE,TRUE
"TX1013339",6500,NA,NA,NA,FALSE,NA,FALSE,FALSE
"TX1013343",6993,0.81478651,"DISTRICTBND","Not Started",TRUE,8582.61632240328,TRUE,TRUE
"TX1013354",3480,0.67293485,"DISTRICTBND","Not Started",TRUE,5171.37728860379,TRUE,TRUE
"TX1013365",9297,0.82621881,"System","Not Started",TRUE,11252.467127927,TRUE,TRUE
"TX1013369",7944,0.81133672,"System","Not Started",TRUE,9791.2491868974,TRUE,TRUE
"TX1013385",3510,1.11348405,"System","Not Started",TRUE,3152.26787487436,TRUE,TRUE
"TX1013448",1788,0.59251491,"System","Not Started",TRUE,3017.64558127322,TRUE,TRUE
"TX1013450",5526,1.09971713,"System","Not Started",TRUE,5024.92854685277,TRUE,TRUE
"TX1013479",5025,2.45987275,"OTHER","Not Started",TRUE,2042.78859546698,TRUE,TRUE
"TX1013532",5007,1.57906268,"System","Not Started",TRUE,3170.86842936469,TRUE,TRUE
"TX1013612",3129,0.66520882,"System","Not Started",TRUE,4703.78609832624,TRUE,TRUE
"TX1020002",23091,40.9166144,"System","Not Started",TRUE,564.342879747157,TRUE,TRUE
"TX1020004",5580,3.53455758,"System","Not Started",TRUE,1578.69828789152,TRUE,TRUE
"TX1020022",6164,187.23075276,"System","Not Started",TRUE,32.9219420908982,TRUE,TRUE
"TX1020074",4107,152.31513477,"System","Not Started",TRUE,26.9638339368027,TRUE,TRUE
"TX1020081",7815,27.61499124,"System","Not Started",TRUE,282.998460223303,TRUE,TRUE
"TX1040001",3431,7.98274292,"PWS","Not Started",TRUE,429.802141241948,TRUE,TRUE
"TX1050001",72970,53.25164978,"System","Not Started",TRUE,1370.28618458701,TRUE,TRUE
"TX1050002",52000,17.06681751,"System","Not Started",TRUE,3046.84807050474,TRUE,TRUE
"TX1050003",43552,0.3911597,"System","Not Started",TRUE,111340.713268775,TRUE,TRUE
"TX1050012",13830,4.89880672,"System","Not Started",TRUE,2823.13648822626,TRUE,TRUE
"TX1050013",8037,15.6499682776312,"System","Updated",TRUE,513.547366833161,TRUE,TRUE
"TX1050018",5334,9.05785894,"System","Not Started",TRUE,588.880886237339,TRUE,TRUE
"TX1050019",34893,50.99032729,"System","Not Started",TRUE,684.306256783785,TRUE,TRUE
"TX1050028",7065,6.40493135,"System","Not Started",TRUE,1103.05631925313,TRUE,TRUE
"TX1050038",19609,30.10949799,"System","Not Started",TRUE,651.256291503517,TRUE,TRUE
"TX1050051",4048,NA,NA,NA,FALSE,NA,FALSE,FALSE
"TX1050131",747,1.7800966,"CCNBND","Not Started",TRUE,419.640147618955,TRUE,TRUE
"TX1070004",1482,17.74636989,"CCNBND","Not Started",TRUE,83.5100366546006,TRUE,TRUE
"TX1070005",17934,17.77511482,"System","Not Started",TRUE,1008.93863030472,TRUE,TRUE
"TX1070006",3663,6.98967646,"System","Not Started",TRUE,524.058591404387,TRUE,TRUE
"TX1070019",6753,4.19863814,"System","Not Started",TRUE,1608.37866346825,TRUE,TRUE
"TX1070106",3906,0.11725174,"System","Not Started",TRUE,33312.9384689728,TRUE,TRUE
"TX1070167",14823,11.30151692,"System","Not Started",TRUE,1311.59384221848,TRUE,TRUE
"TX1070190",24414,23.88295168,"DISTRICTBND","Not Started",TRUE,1022.23545594847,TRUE,TRUE
"TX1070200",4290,90.45403053,"System","Not Started",TRUE,47.4274056652144,TRUE,TRUE
"TX1070240",786,8.17368022,"System","Not Started",TRUE,96.1623135288256,TRUE,TRUE
"TX1080001",21065,7.19907749,"System","Not Started",TRUE,2926.06935114404,TRUE,TRUE
"TX1080002",18720,8.30123931,"CITYBND","Not Started",TRUE,2255.08496995734,TRUE,TRUE
"TX1080004",85224,288.57190198,"System","Not Started",TRUE,295.33020857279,TRUE,TRUE
"TX1080005",5500,1.69305908,"OTHER","Not Started",TRUE,3248.55763450381,TRUE,TRUE
"TX1080006",189957,55.21068057,"CCNBND","Not Started",TRUE,3440.58428620816,TRUE,TRUE
"TX1080007",16258,12.57948874,"CCNBND","Not Started",TRUE,1292.42136433599,TRUE,TRUE
"TX1080008",77058,37.59997095,"CCNBND","Not Started",TRUE,2049.41647700927,TRUE,TRUE
"TX1080009",79715,23.41591136,"Upload","Not Started",TRUE,3404.30909454895,TRUE,TRUE
"TX1080010",30000,6.33667393,"System","Not Started",TRUE,4734.34491523537,TRUE,TRUE
"TX1080011",40033,14.40518922,"System","Not Started",TRUE,2779.06797256218,TRUE,TRUE
"TX1080021",14800,8.46945478,"System","Not Started",TRUE,1747.45605052985,TRUE,TRUE
"TX1080022",53796,102.43230436,"System","Not Started",TRUE,525.185880920272,TRUE,TRUE
"TX1080029",171195,884.31862453,"System","Not Started",TRUE,193.589725751832,TRUE,TRUE
"TX1080033",68562,129.60264543,"Upload","Not Started",TRUE,529.016979341145,TRUE,TRUE
"TX1080067",17943,105.67242394,"System","Not Started",TRUE,169.798319476308,TRUE,TRUE
"TX1080088",8420,1.8778529,"System","Not Started",TRUE,4483.8442883359,TRUE,TRUE
"TX1080234",12198,99.70990423,"System","Not Started",TRUE,122.334888336298,TRUE,TRUE
"TX1090001",8867,16.81550947,"System","Not Started",TRUE,527.31081480578,TRUE,TRUE
"TX1090012",3720,6.96264408,"System","Not Started",TRUE,534.279787571735,TRUE,TRUE
"TX1090035",4776,127.90273805,"System","Not Started",TRUE,37.3408737984402,TRUE,TRUE
"TX1090041",4383,70.01764469,"CCNBND","Not Started",TRUE,62.5985066964982,TRUE,TRUE
"TX1100002",12652,10.45968196,"System","Not Started",TRUE,1209.59700767039,TRUE,TRUE
"TX1110001",11468,30.2454018,"System","Not Started",TRUE,379.165073614595,TRUE,TRUE
"TX1110004",5676,3.91407099,"System","Not Started",TRUE,1450.15254309427,TRUE,TRUE
"TX1110007",20458,11.70296358,"System","Not Started",TRUE,1748.10421823085,TRUE,TRUE
"TX1110116",1584,3.11481072,"System","Not Started",TRUE,508.538123947384,TRUE,TRUE
"TX1120001",685,2.10023484,"System","Not Started",TRUE,326.154002854271,TRUE,TRUE
"TX1120002",16243,20.22395589,"System","Not Started",TRUE,803.156419463492,TRUE,TRUE
"TX1120015",4095,65.16278537,"System","Not Started",TRUE,62.8426175576785,TRUE,TRUE
"TX1120017",8253,223.46698584,"System","Not Started",TRUE,36.9316298287974,TRUE,TRUE
"TX1130001",7755,9.22526957,"System","Not Started",TRUE,840.625842004528,TRUE,TRUE
"TX1130010",48,NA,NA,NA,FALSE,NA,FALSE,FALSE
"TX1130031",3878,85.98245779,"System","Not Started",TRUE,45.1022231705852,TRUE,TRUE
"TX1130033",10481,71.28304557,"System","Not Started",TRUE,147.033560592016,TRUE,TRUE
"TX1140001",27282,19.18557665,"CITYBND","Not Started",TRUE,1422.0057336666,TRUE,TRUE
"TX1140002",3552,8.76506893,"System","Not Started",TRUE,405.244959094691,TRUE,TRUE
"TX1160003",9266,5.41630655,"System","Not Started",TRUE,1710.75989042755,TRUE,TRUE
"TX1160004",33354,57.42786005,"System","Not Started",TRUE,580.798239233711,TRUE,TRUE
"TX1160008",4350,0.40608553,"System","Not Started",TRUE,10712.029064419,TRUE,TRUE
"TX1160015",6321,30.50266013,"System","Not Started",TRUE,207.227827771754,TRUE,TRUE
"TX1160018",25875,255.34669548,"System","Not Started",TRUE,101.332817138519,TRUE,TRUE
"TX1160028",231,0.19357984,"PWS","Not Started",TRUE,1193.30607980666,TRUE,TRUE
"TX1160029",14574,150.07933065,"System","Not Started",TRUE,97.1086420553675,TRUE,TRUE
"TX1160039",4836,134.20069361,"System","Not Started",TRUE,36.0355812620006,TRUE,TRUE
"TX1160052",9087,19.53545474,"System","Not Started",TRUE,465.154260340499,TRUE,TRUE
"TX1160062",5373,136.41185383,"System","Not Started",TRUE,39.3880725841903,TRUE,TRUE
"TX1170001",12419,7.64979869,"System","Not Started",TRUE,1623.44141372431,TRUE,TRUE
"TX1170004",5636,10.32559645,"System","Not Started",TRUE,545.828033014015,TRUE,TRUE
"TX1190002",4397,8.32063374,"OTHER","Not Started",TRUE,528.445324886996,TRUE,TRUE
"TX1200001",5987,4.13403418,"CITYBND","Not Started",TRUE,1448.2221818495,TRUE,TRUE
"TX1210001",9884,21.02156639,"System","Not Started",TRUE,470.183801560184,TRUE,TRUE
"TX1210003",3035,3.59324632,"System","Not Started",TRUE,844.640119188934,TRUE,TRUE
"TX1210050",625,NA,NA,NA,FALSE,NA,FALSE,FALSE
"TX1210060",3048,105.63779964,"System","Not Started",TRUE,28.8533082891464,TRUE,TRUE
"TX1230001",115282,101.92491078,"System","Not Started",TRUE,1131.04832879207,TRUE,TRUE
"TX1230003",4605,1.84263079,"System","Not Started",TRUE,2499.14417201289,TRUE,TRUE
"TX1230006",18157,6.42627575,"System","Not Started",TRUE,2825.43119940037,TRUE,TRUE
"TX1230009",56039,117.93665447,"System","Not Started",TRUE,475.161859150879,TRUE,TRUE
"TX1230010",17043,11.77874581,"CCNBND","Not Started",TRUE,1446.92824473135,TRUE,TRUE
"TX1230012",17335,5.21652627,"CCNBND","Not Started",TRUE,3323.09262960924,TRUE,TRUE
"TX1230021",9367,139.85931683,"System","Not Started",TRUE,66.9744441222007,TRUE,TRUE
"TX1230092",5748,1.42414128,"System","Not Started",TRUE,4036.11641676449,TRUE,TRUE
"TX1240001",5397,1.82377245,"DISTRICTBND","Not Started",TRUE,2959.25075521346,TRUE,TRUE
"TX1250001",19104,50.4685573,"CCNBND","Not Started",TRUE,378.532714665097,TRUE,TRUE
"TX1260001",6614,3.56189644,"System","Not Started",TRUE,1856.87599609157,TRUE,TRUE
"TX1260002",53381,20.15548695,"System","Not Started",TRUE,2648.45995199337,TRUE,TRUE
"TX1260003",34075,24.06312631,"System","Not Started",TRUE,1416.06703804897,TRUE,TRUE
"TX1260006",3816,2.69313983,"System","Not Started",TRUE,1416.93348317529,TRUE,TRUE
"TX1260008",6863,7.92667848,"System","Not Started",TRUE,865.810316050564,TRUE,TRUE
"TX1260016",4503,17.34817214,"CCNBND","Not Started",TRUE,259.566250764676,TRUE,TRUE
"TX1260017",33441,65.01548599,"System","Not Started",TRUE,514.354380203257,TRUE,TRUE
"TX1260018",65517,291.92903628,"System","Not Started",TRUE,224.427829567321,TRUE,TRUE
"TX1260074",3588,3.09200143,"PWS","Not Started",TRUE,1160.41343486701,TRUE,TRUE
"TX1270006",8436,253.25401426,"System","Not Started",TRUE,33.3104295489638,TRUE,TRUE
"TX1280001",4269,1.91143545,"System","Not Started",TRUE,2233.40003451333,TRUE,TRUE
"TX1280002",6454,4.07934254,"System","Not Started",TRUE,1582.11769095517,TRUE,TRUE
"TX1280007",6288,512.30349535,"System","Not Started",TRUE,12.2739744254607,TRUE,TRUE
"TX1290002",29692,13.03742914,"System","Not Started",TRUE,2277.44286708353,TRUE,TRUE
"TX1290003",7125,10.22950599,"System","Not Started",TRUE,696.51457332985,TRUE,TRUE
"TX1290005",15207,20.08559065,"System","Not Started",TRUE,757.10992347641,TRUE,TRUE
"TX1290006",18432,16.87010902,"System","Not Started",TRUE,1092.58333648872,TRUE,TRUE
"TX1290010",5655,54.28006859,"System","Not Started",TRUE,104.181887512239,TRUE,TRUE
"TX1290011",3741,68.83627809,"System","Not Started",TRUE,54.34634329167,TRUE,TRUE
"TX1290012",13200,102.56353432,"System","Not Started",TRUE,128.700713050857,TRUE,TRUE
"TX1290014",20377,5.06721491,"System","Not Started",TRUE,4021.34118286292,TRUE,TRUE
"TX1290015",11169,102.31719691,"System","Not Started",TRUE,109.160535445712,TRUE,TRUE
"TX1290016",16341,34.13057081,"System","Not Started",TRUE,478.778983538482,TRUE,TRUE
"TX1290023",4827,39.83498121,"System","Not Started",TRUE,121.174903398429,TRUE,TRUE
"TX1290025",15987,19.54347126,"System","Not Started",TRUE,818.02253997328,TRUE,TRUE
"TX1290038",957,0.54870748,"System","Not Started",TRUE,1744.09869535586,TRUE,TRUE
"TX1290043",0,2.37769022,"System","Not Started",TRUE,0,FALSE,FALSE
"TX1290046",3819,0.71139314,"PWS","Not Started",TRUE,5368.33964971886,TRUE,TRUE
"TX1290053",6456,0.86754306,"Upload","Not Started",TRUE,7441.70554485215,TRUE,TRUE
"TX1300001",24769,11.9546188,"System","Not Started",TRUE,2071.91884696482,TRUE,TRUE
"TX1330001",23489,23.28282186,"System","Not Started",TRUE,1008.85537591791,TRUE,TRUE
"TX1330011",5955,4.57993393,"System","Not Started",TRUE,1300.23709752512,TRUE,TRUE
"TX1330027",213,0.72342752,"System","Not Started",TRUE,294.431707546874,TRUE,TRUE
"TX1330041",3720,4.14219825,"System","Not Started",TRUE,898.073866937682,TRUE,TRUE
"TX1370001",25402,16.71568445,"System","Not Started",TRUE,1519.65060575189,TRUE,TRUE
"TX1370003",1550,4.8058636,"OTHER","Not Started",TRUE,322.522678338187,TRUE,TRUE
"TX1390002",25498,59.52250979,"System","Not Started",TRUE,428.375753810767,TRUE,TRUE
"TX1390014",538,0.86822587,"CITYBND","Not Started",TRUE,619.654422414296,TRUE,TRUE
"TX1390015",25569,750.84579547,"System","Not Started",TRUE,34.0535968294193,TRUE,TRUE
"TX1400003",5943,7.0796399,"CCNBND","Not Started",TRUE,839.449475389278,TRUE,TRUE
"TX1410001",7291,14.62951922,"CCNBND","Not Started",TRUE,498.375913135442,TRUE,TRUE
"TX1410028",17721,309.57187176,"System","Not Started",TRUE,57.2435728713055,TRUE,TRUE
"TX1420001",5640,2.67457186,"System","Not Started",TRUE,2108.74872511371,TRUE,TRUE
"TX1440001",7878,6.38559945,"OTHER","Not Started",TRUE,1233.7134613102,TRUE,TRUE
"TX1440005",14670,535.16384419,"PWS","Not Started",TRUE,27.4121657493582,TRUE,TRUE
"TX1450015",5256,239.35974974,"System","Not Started",TRUE,21.9585791082637,TRUE,TRUE
"TX1450018",10035,196.02953532,"System","Not Started",TRUE,51.1912655591352,TRUE,TRUE
"TX1460001",12438,7.93799345,"System","Not Started",TRUE,1566.89471695142,TRUE,TRUE
"TX1460002",15393,23.25008536,"System","Not Started",TRUE,662.062085435716,TRUE,TRUE
"TX1460003",8170,23.54334909,"System","Not Started",TRUE,347.019447775601,TRUE,TRUE
"TX1460009",6132,79.62186189,"CCNBND","Not Started",TRUE,77.0140242195233,TRUE,TRUE
"TX1460055",5265,60.57695263,"Upload","Not Started",TRUE,86.9142433122754,TRUE,TRUE
"TX1470002",4250,33.24474577,"System","Not Started",TRUE,127.839750359445,TRUE,TRUE
"TX1470004",7459,10.22020915,"System","Not Started",TRUE,729.828508450827,TRUE,TRUE
"TX1470005",530,0.98601127,"PWS","Not Started",TRUE,537.519211114088,TRUE,TRUE
"TX1490002",4428,78.77849587,"CCNBND","Not Started",TRUE,56.2082323494354,TRUE,TRUE
"TX1490029",712,62.61788747,"CCNBND","Not Started",TRUE,11.370552868637,TRUE,TRUE
"TX1500001",3352,6.20751164,"System","Not Started",TRUE,539.990932662995,TRUE,TRUE
"TX1500012",12975,18.72113943,"PWS","Not Started",TRUE,693.066789471585,TRUE,TRUE
"TX1500015",12729,17.12384138,"System","Not Started",TRUE,743.349562608481,TRUE,TRUE
"TX1520002",275041,143.95134781,"System","Not Started",TRUE,1910.65248213601,TRUE,TRUE
"TX1520004",5858,5.40029611,"System","Not Started",TRUE,1084.7553320553,TRUE,TRUE
"TX1520005",9600,5.10255153,"System","Not Started",TRUE,1881.41167091751,TRUE,TRUE
"TX1520046",577,0.06110528,"System","Not Started",TRUE,9442.71918891461,TRUE,TRUE
"TX1540001",5371,22.49207681,"System","Not Started",TRUE,238.795200877673,TRUE,TRUE
"TX1550001",10664,6.83228137,"System","Not Started",TRUE,1560.82564849053,TRUE,TRUE
"TX1550004",6037,8.10541096,"System","Not Started",TRUE,744.811093452564,TRUE,TRUE
"TX1550008",146241,110.52961312,"System","Not Started",TRUE,1323.09338531049,TRUE,TRUE
"TX1550010",11900,30.47846323,"System","Not Started",TRUE,390.439633068074,TRUE,TRUE
"TX1550020",3852,8.67309473,"System","Not Started",TRUE,444.132125834627,TRUE,TRUE
"TX1550024",10570,45.22678125,"CCNBND","Not Started",TRUE,233.711082413144,TRUE,TRUE
"TX1550026",4620,79.79561211,"System","Not Started",TRUE,57.8979204223815,TRUE,TRUE
"TX1550031",16978,6.8492422,"System","Not Started",TRUE,2478.81437161034,TRUE,TRUE
"TX1550033",7275,4.56877943,"System","Not Started",TRUE,1592.32900416031,TRUE,TRUE
"TX1550037",744,18.1907437,"System","Not Started",TRUE,40.8999220850987,TRUE,TRUE
"TX1550048",9383,5.70959009,"System","Not Started",TRUE,1643.37541786647,TRUE,TRUE
"TX1550059",3939,47.15861469,"System","Not Started",TRUE,83.5266265960791,TRUE,TRUE
"TX1550138",3100,0.91307907,"System","Not Started",TRUE,3395.10574916584,TRUE,TRUE
"TX1570001",6111,4.86101916,"System","Not Started",TRUE,1257.14377970072,TRUE,TRUE
"TX1580023",1314,1.01391278,"System","Not Started",TRUE,1295.96946198863,TRUE,TRUE
"TX1610001",18061,10.84707289,"System","Not Started",TRUE,1665.05749368114,TRUE,TRUE
"TX1610004",4700,3.54424732,"System","Not Started",TRUE,1326.09255947748,TRUE,TRUE
"TX1610102",126,0.12462173,"Upload","Not Started",TRUE,1011.05962820449,TRUE,TRUE
"TX1620001",54900,34.70481493,"System","Not Started",TRUE,1581.91306049993,TRUE,TRUE
"TX1630002",11044,12.28051942,"CCNBND","Not Started",TRUE,899.310495125621,TRUE,TRUE
"TX1630006",4335,3.03298942,"System","Not Started",TRUE,1429.28292839215,TRUE,TRUE
"TX1630010",6153,60.5766069,"System","Not Started",TRUE,101.573863490859,TRUE,TRUE
"TX1630021",12186,358.82215672,"System","Not Started",TRUE,33.9611135259663,TRUE,TRUE
"TX1630034",32000,338.14797971,"System","Not Started",TRUE,94.633124904202,TRUE,TRUE
"TX1640001",1471,2.07173648,"OTHER","Not Started",TRUE,710.032387902925,TRUE,TRUE
"TX1650001",157000,84.98480299,"System","Not Started",TRUE,1847.38911518656,TRUE,TRUE
"TX1650003",1973,0.21474551,"Upload","Not Started",TRUE,9187.61933602244,TRUE,TRUE
"TX1660001",5489,5.34267095,"PWS","Not Started",TRUE,1027.38874457541,TRUE,TRUE
"TX1660002",5460,5.21820827,"System","Not Started",TRUE,1046.33615936529,TRUE,TRUE
"TX1660009",4308,177.30880598,"System","Not Started",TRUE,24.2965935966312,TRUE,TRUE
"TX1660015",11739,292.23147042,"System","Not Started",TRUE,40.1702115899034,TRUE,TRUE
"TX1680001",3991,29.86416673,"System","Not Started",TRUE,133.638418110988,TRUE,TRUE
"TX1680004",3612,59.60973281,"System","Not Started",TRUE,60.5941316917639,TRUE,TRUE
"TX1690001",5534,19.06883136,"System","Not Started",TRUE,290.211806666269,TRUE,TRUE
"TX1690006",881,1.07622821,"PWS","Not Started",TRUE,818.59961652557,TRUE,TRUE
"TX1700001",113912,73.65271031,"System","Not Started",TRUE,1546.6097516378,TRUE,TRUE
"TX1700003",14133,3.27413466,"System","Not Started",TRUE,4316.56039461737,TRUE,TRUE
"TX1700025",3585,1.18030403,"System","Not Started",TRUE,3037.35301149484,TRUE,TRUE
"TX1700068",26388,20.22499733,"System","Not Started",TRUE,1304.72205110546,TRUE,TRUE
"TX1700073",13372,2.80812666,"System","Not Started",TRUE,4761.89346815289,TRUE,TRUE
"TX1700087",9612,19.64270272,"Upload","Not Started",TRUE,489.342028793887,TRUE,TRUE
"TX1700090",8610,2.13249224,"Upload","Not Started",TRUE,4037.52934641394,TRUE,TRUE
"TX1700097",3783,1.93674842,"System","Not Started",TRUE,1953.27382789345,TRUE,TRUE
"TX1700101",14307,14.44899563,"System","Not Started",TRUE,990.172629735926,TRUE,TRUE
"TX1700116",3825,0.62402027,"System","Not Started",TRUE,6129.6085782598,TRUE,TRUE
"TX1700118",6564,1.0529313,"System","Not Started",TRUE,6234.02495490447,TRUE,TRUE
"TX1700119",7070,1.67504762,"System","Not Started",TRUE,4220.77552636981,TRUE,TRUE
"TX1700133",8919,1.70512321,"System","Not Started",TRUE,5230.70705254197,TRUE,TRUE
"TX1700139",5235,1.38713428,"Upload","Not Started",TRUE,3773.9677228653,TRUE,TRUE
"TX1700169",12528,2.34067604,"System","Not Started",TRUE,5352.29984239938,TRUE,TRUE
"TX1700176",5472,0.98805925,"System","Not Started",TRUE,5538.12941885823,TRUE,TRUE
"TX1700178",4767,84.73403046,"System","Not Started",TRUE,56.2583884434759,TRUE,TRUE
"TX1700207",931,0.76264412,"DISTRICTBND","Not Started",TRUE,1220.75287225712,TRUE,TRUE
"TX1700220",5949,1.18156342,"System","Not Started",TRUE,5034.85458275274,TRUE,TRUE
"TX1700279",1833,1.62597665,"PWS","Not Started",TRUE,1127.322461857,TRUE,TRUE
"TX1700286",4980,1.17092924,"System","Not Started",TRUE,4253.03240356351,TRUE,TRUE
"TX1700319",4422,0.41677324,"System","Not Started",TRUE,10610.0861945935,TRUE,TRUE
"TX1700332",4284,1.60170119,"Upload","Not Started",TRUE,2674.65618852415,TRUE,TRUE
"TX1700334",11550,1.70666122,"System","Not Started",TRUE,6767.59972316005,TRUE,TRUE
"TX1700348",24399,7.59139751,"Upload","Not Started",TRUE,3214.03272162466,TRUE,TRUE
"TX1700386",3780,2.40879871,"PWS","Not Started",TRUE,1569.24693803078,TRUE,TRUE
"TX1700458",24171,5.15643558,"Upload","Not Started",TRUE,4687.54038036484,TRUE,TRUE
"TX1700470",15036,3.18901302,"Upload","Not Started",TRUE,4714.93841690242,TRUE,TRUE
"TX1700471",7989,2.11423504,"System","Not Started",TRUE,3778.67164664909,TRUE,TRUE
"TX1700546",7608,2.31034705,"System","Not Started",TRUE,3293.01175769242,TRUE,TRUE
"TX1700554",16821,2.74870897,"System","Not Started",TRUE,6119.6002136232,TRUE,TRUE
"TX1700583",4945,NA,NA,NA,FALSE,NA,FALSE,FALSE
"TX1700592",6000,16.08113848,"System","Not Started",TRUE,373.107911946791,TRUE,TRUE
"TX1700638",25917,26.74303021,"System","Not Started",TRUE,969.112318106303,TRUE,TRUE
"TX1700648",3666,1.30805995,"CCNBND","Not Started",TRUE,2802.62383998532,TRUE,TRUE
"TX1700666",8442,1.10421297,"System","Not Started",TRUE,7645.26430078067,TRUE,TRUE
"TX1700678",5892,6.24372806,"System","Not Started",TRUE,943.666979628194,TRUE,TRUE
"TX1700716",5184,0.98927491,"System","Not Started",TRUE,5240.20163414435,TRUE,TRUE
"TX1700717",4761,0.72180119,"DISTRICTBND","Not Started",TRUE,6595.99910052794,TRUE,TRUE
"TX1700752",4056,1.20836371,"System","Not Started",TRUE,3356.60527243077,TRUE,TRUE
"TX1700762",5454,0.6064076,"PWS","Not Started",TRUE,8993.95060352146,TRUE,TRUE
"TX1700773",6621,1.76855804,"System","Not Started",TRUE,3743.72785639537,TRUE,TRUE
"TX1700859",2550,0.94887845,"System","Not Started",TRUE,2687.38319433854,TRUE,TRUE
"TX1700886",100,NA,NA,NA,FALSE,NA,FALSE,FALSE
"TX1710001",14290,9.5474223,"System","Not Started",TRUE,1496.73907270238,TRUE,TRUE
"TX1710003",3000,2.72875913,"System","Not Started",TRUE,1099.40081080004,TRUE,TRUE
"TX1720001",2522,2.33601178,"System","Not Started",TRUE,1079.6178433655,TRUE,TRUE
"TX1740003",50226,34.15070356,"System","Not Started",TRUE,1470.71640593749,TRUE,TRUE
"TX1740005",5745,33.1744828,"System","Not Started",TRUE,173.175269517691,TRUE,TRUE
"TX1740010",7280,142.33917469,"System","Not Started",TRUE,51.1454419758657,TRUE,TRUE
"TX1750002",25885,36.23703953,"System","Not Started",TRUE,714.324358052767,TRUE,TRUE
"TX1750012",6546,179.7191208,"System","Not Started",TRUE,36.423503358247,TRUE,TRUE
"TX1750014",1146,12.33760936,"PWS","Not Started",TRUE,92.8867146430708,TRUE,TRUE
"TX1750015",4040,65.82683413,"System","Not Started",TRUE,61.3731474921229,TRUE,TRUE
"TX1750019",10167,117.87510562,"System","Not Started",TRUE,86.2523087171254,TRUE,TRUE
"TX1750023",1344,57.19713213,"System","Not Started",TRUE,23.4976816135694,TRUE,TRUE
"TX1750024",3852,107.64689079,"System","Not Started",TRUE,35.7836624145008,TRUE,TRUE
"TX1760022",3729,27.0105977,"CCNBND","Not Started",TRUE,138.056922746289,TRUE,TRUE
"TX1770002",12401,30.31930473,"Upload","Not Started",TRUE,409.013336896529,TRUE,TRUE
"TX1780001",848,0.40491224,"System","Not Started",TRUE,2094.28097308197,TRUE,TRUE
"TX1780002",3186,2.54061714,"System","Not Started",TRUE,1254.02601983548,TRUE,TRUE
"TX1780003",318387,203.07453174,"System","Not Started",TRUE,1567.83323478316,TRUE,TRUE
"TX1780005",14000,9.4188178,"System","Not Started",TRUE,1486.38611525111,TRUE,TRUE
"TX1780006",14880,35.09282017,"System","Not Started",TRUE,424.018358396871,TRUE,TRUE
"TX1780017",7048,3.9488923,"System","Not Started",TRUE,1784.80431081901,TRUE,TRUE
"TX1790001",8492,3.93412837,"System","Not Started",TRUE,2158.54674818351,TRUE,TRUE
"TX1810001",9546,6.28699185,"System","Not Started",TRUE,1518.3732105522,TRUE,TRUE
"TX1810004",19300,22.13916376,"System","Not Started",TRUE,871.758310712274,TRUE,TRUE
"TX1810005",15258,15.73713,"System","Not Started",TRUE,969.554169025737,TRUE,TRUE
"TX1810006",4074,2.60787987,"System","Not Started",TRUE,1562.18852212698,TRUE,TRUE
"TX1810144",10374,79.01685902,"System","Not Started",TRUE,131.288438045534,TRUE,TRUE
"TX1810186",8231,44.09595229,"CCNBND","Not Started",TRUE,186.661123584956,TRUE,TRUE
"TX1820001",15564,25.64996299,"System","Not Started",TRUE,606.784501251243,TRUE,TRUE
"TX1820076",7395,55.14941973,"CCNBND","Not Started",TRUE,134.090259447957,TRUE,TRUE
"TX1830001",6770,10.77611583,"System","Not Started",TRUE,628.241205532773,TRUE,TRUE
"TX1840001",5521,2.7160672,"System","Not Started",TRUE,2032.71848354857,TRUE,TRUE
"TX1840003",3781,3.33330847,"System","Not Started",TRUE,1134.30846080681,TRUE,TRUE
"TX1840005",35903,45.91754983,"System","Not Started",TRUE,781.901476296607,TRUE,TRUE
"TX1840006",3487,6.02403156,"System","Not Started",TRUE,578.848229008946,TRUE,TRUE
"TX1840008",30364,78.48662635,"System","Not Started",TRUE,386.868456602989,TRUE,TRUE
"TX1840027",4936,8.33267911,"System","Not Started",TRUE,592.366504798719,TRUE,TRUE
"TX1840079",6300,64.7230471,"System","Not Started",TRUE,97.3378152339802,TRUE,TRUE
"TX1840111",2418,1.77545525,"System","Not Started",TRUE,1361.90422146658,TRUE,TRUE
"TX1850003",4653,1.7496214,"CCNBND","Not Started",TRUE,2659.43249208086,TRUE,TRUE
"TX1860001",8142,15.8477305,"System","Not Started",TRUE,513.764415668225,TRUE,TRUE
"TX1860026",3612,24.44707084,"System","Not Started",TRUE,147.747761833704,TRUE,TRUE
"TX1870002",15199,9.12465358,"System","Not Started",TRUE,1665.70707224591,TRUE,TRUE
"TX1870009",5289,8.99278802,"System","Not Started",TRUE,588.137959911569,TRUE,TRUE
"TX1870017",1000,0.56544196,"System","Not Started",TRUE,1768.52810852594,TRUE,TRUE
"TX1870034",1200,0.52183432,"System","Not Started",TRUE,2299.58044921231,TRUE,TRUE
"TX1870156",1471,1.61481064,"System","Not Started",TRUE,910.942722051918,TRUE,TRUE
"TX1870166",5675,5.86710071,"System","Not Started",TRUE,967.257983202405,TRUE,TRUE
"TX1880001",201291,106.84806303,"Upload","Not Started",TRUE,1883.89938284125,TRUE,TRUE
"TX1890002",5514,47.16372839,"CCNBND","Not Started",TRUE,116.911876737233,TRUE,TRUE
"TX1900001",3762,5.54640526,"System","Not Started",TRUE,678.2771585645,TRUE,TRUE
"TX1900004",3600,3.25911909,"System","Not Started",TRUE,1104.59295919745,TRUE,TRUE
"TX1910001",15771,7.91621172,"System","Not Started",TRUE,1992.24080378689,TRUE,TRUE
"TX1940008",7989,780.32158897,"System","Not Started",TRUE,10.238086595227,TRUE,TRUE
"TX1950001",12916,6.37185684,"CCNBND","Not Started",TRUE,2027.03863635455,TRUE,TRUE
"TX1950006",2001,250.78755314,"System","Not Started",TRUE,7.97886487964161,TRUE,FALSE
"TX1980002",962,3.88991447,"CITYBND","Not Started",TRUE,247.306208766076,TRUE,TRUE
"TX1980004",4959,17.51820195,"System","Not Started",TRUE,283.076996951733,TRUE,TRUE
"TX1990001",55250,24.96503443,"System","Not Started",TRUE,2213.09528552491,TRUE,TRUE
"TX1990002",24313,14.64693415,"System","Not Started",TRUE,1659.93782391655,TRUE,TRUE
"TX1990004",6171,20.95330679,"System","Not Started",TRUE,294.511986191369,TRUE,TRUE
"TX1990006",29285,7.23931314,"System","Not Started",TRUE,4045.27327850885,TRUE,TRUE
"TX1990012",7863,17.9033539,"System","Not Started",TRUE,439.191452278671,TRUE,TRUE
"TX1990014",10464,12.50283991,"System","Not Started",TRUE,836.929855562711,TRUE,TRUE
"TX2000001",3583,3.85986395,"PWS","Not Started",TRUE,928.271059916503,TRUE,TRUE
"TX2010001",14666,10.73417146,"System","Not Started",TRUE,1366.29082688418,TRUE,TRUE
"TX2010002",2275,6.74849142,"PWS","Not Started",TRUE,337.112379406419,TRUE,TRUE
"TX2010004",990,14.1949651,"System","Not Started",TRUE,69.7430386778478,TRUE,TRUE
"TX2010050",4830,38.32096387,"DISTRICTBND","Not Started",TRUE,126.040671011963,TRUE,TRUE
"TX2020067",11220,400.52795423,"System","Not Started",TRUE,28.0130260110559,TRUE,TRUE
"TX2040033",3993,30.7055323,"CCNBND","Not Started",TRUE,130.041712385491,TRUE,TRUE
"TX2050002",10106,13.37560288,"System","Not Started",TRUE,755.554728311431,TRUE,TRUE
"TX2050003",5001,2.42349571,"System","Not Started",TRUE,2063.54811331603,TRUE,TRUE
"TX2050005",22933,6.8679798,"OTHER","Not Started",TRUE,3339.11873182854,TRUE,TRUE
"TX2050006",5505,6.08692096,"System","Not Started",TRUE,904.398140895196,TRUE,TRUE
"TX2050007",4941,1.48026,"PWS","Not Started",TRUE,3337.92712091119,TRUE,TRUE
"TX2050015",8088,14.12490868,"System","Not Started",TRUE,572.60547188189,TRUE,TRUE
"TX2050078",5034,141.61558747,"System","Not Started",TRUE,35.5469344154393,TRUE,TRUE
"TX2060012",2505,444.44002455,"PWS","Not Started",TRUE,5.63630605172506,TRUE,FALSE
"TX2080001",11104,8.97884986,"System","Not Started",TRUE,1236.68400442548,TRUE,TRUE
"TX2100001",5450,7.01509314,"System","Not Started",TRUE,776.896313596201,TRUE,TRUE
"TX2100014",1800,43.92391127,"System","Not Started",TRUE,40.9799571111828,TRUE,TRUE
"TX2100031",1137,0.86754919,"System","Not Started",TRUE,1310.58850968439,TRUE,TRUE
"TX2120002",6313,5.9684273,"System","Not Started",TRUE,1057.73257889897,TRUE,TRUE
"TX2120004",107000,55.58825699,"System","Not Started",TRUE,1924.86697359927,TRUE,TRUE
"TX2120006",4500,6.94178963,"System","Not Started",TRUE,648.247820785661,TRUE,TRUE
"TX2120009",5907,22.2036549,"System","Not Started",TRUE,266.037281997208,TRUE,TRUE
"TX2120012",2121,13.98548263,"System","Not Started",TRUE,151.657261755864,TRUE,TRUE
"TX2120015",3879,15.76955684,"CCNBND","Not Started",TRUE,245.980279557431,TRUE,TRUE
"TX2120016",5532,44.40742624,"System","Not Started",TRUE,124.573758679512,TRUE,TRUE
"TX2120017",14781,58.65603598,"System","Not Started",TRUE,251.994526275862,TRUE,TRUE
"TX2120020",4569,69.01522339,"System","Not Started",TRUE,66.2027850606367,TRUE,TRUE
"TX2120024",8775,47.32779023,"System","Not Started",TRUE,185.409036791194,TRUE,TRUE
"TX2120025",9571,5.12559716,"System","Not Started",TRUE,1867.29461977461,TRUE,TRUE
"TX2120063",69735,219.98993625,"System","Not Started",TRUE,316.991773299812,TRUE,TRUE
"TX2120105",1827,0.69839738,"System","Not Started",TRUE,2615.98919514847,TRUE,TRUE
"TX2140003",3600,94.84195791,"System","Not Started",TRUE,37.9578836132444,TRUE,TRUE
"TX2140004",5793,32.00680693,"CCNBND","Not Started",TRUE,180.992749844416,TRUE,TRUE
"TX2140006",9500,61.43593371,"System","Not Started",TRUE,154.632629900987,TRUE,TRUE
"TX2140007",19464,43.25801793,"CCNBND","Not Started",TRUE,449.951267566087,TRUE,TRUE
"TX2140016",6939,18.38698838,"CCNBND","Not Started",TRUE,377.386435265697,TRUE,TRUE
"TX2140018",18912,34.92085368,"CCNBND","Not Started",TRUE,541.567516455972,TRUE,TRUE
"TX2140028",2223,49.81127822,"CCNBND","Not Started",TRUE,44.628447199884,TRUE,TRUE
"TX2150001",5807,7.38035343,"System","Not Started",TRUE,786.818687624828,TRUE,TRUE
"TX2190003",4951,2.76882549,"System","Not Started",TRUE,1788.12280437363,TRUE,TRUE
"TX2200001",413955,97.06993402,"System","Not Started",TRUE,4264.50274412168,TRUE,TRUE
"TX2200002",14847,9.71357415,"System","Not Started",TRUE,1528.47960706616,TRUE,TRUE
"TX2200003",49941,9.61065001,"System","Not Started",TRUE,5196.42271313967,TRUE,TRUE
"TX2200010",6279,1.67296879,"System","Not Started",TRUE,3753.20809182579,TRUE,TRUE
"TX2200011",13701,3.99489664,"CCNBND","Not Started",TRUE,3429.62565359388,TRUE,TRUE
"TX2200012",955900,436.82563004,"System","Not Started",TRUE,2188.28734914769,TRUE,TRUE
"TX2200013",52346,36.0050812,"System","Not Started",TRUE,1453.85035265522,TRUE,TRUE
"TX2200014",46260,12.06138815,"System","Not Started",TRUE,3835.37942935698,TRUE,TRUE
"TX2200017",7670,6.67154256,"System","Not Started",TRUE,1149.65915768661,TRUE,TRUE
"TX2200018",89227,28.65667781,"System","Not Started",TRUE,3113.65471572087,TRUE,TRUE
"TX2200022",8521,3.09004049,"System","Not Started",TRUE,2757.56904402246,TRUE,TRUE
"TX2200023",23890,7.53990632,"System","Not Started",TRUE,3168.47437966577,TRUE,TRUE
"TX2200029",25616,10.86371768,"System","Not Started",TRUE,2357.94050936714,TRUE,TRUE
"TX2200031",61601,10.64979552,"System","Not Started",TRUE,5784.24251285531,TRUE,TRUE
"TX2200034",19935,7.54698462,"System","Not Started",TRUE,2641.4523155607,TRUE,TRUE
"TX2200043",26599,13.05307462,"System","Not Started",TRUE,2037.75744599244,TRUE,TRUE
"TX2200044",4629,7.37691495,"CCNBND","Not Started",TRUE,627.498084412645,TRUE,TRUE
"TX2200054",40454,9.93045482,"System","Not Started",TRUE,4073.7308344151,TRUE,TRUE
"TX2200060",4720,2.50881243,"CCNBND","Not Started",TRUE,1881.36822966873,TRUE,TRUE
"TX2200063",74859,18.32996413,"System","Not Started",TRUE,4083.96871205443,TRUE,TRUE
"TX2200069",7691,2.01466763,"CCNBND","Not Started",TRUE,3817.50313822236,TRUE,TRUE
"TX2200071",5359,1.22261237,"System","Not Started",TRUE,4383.23718252581,TRUE,TRUE
"TX2200075",31576,22.43543686,"System","Not Started",TRUE,1407.41632075356,TRUE,TRUE
"TX2200081",18522,4.58670035,"System","Not Started",TRUE,4038.19708867618,TRUE,TRUE
"TX2200096",46308,18.6543797,"System","Not Started",TRUE,2482.41971830347,TRUE,TRUE
"TX2200328",23806,4.17588127,"System","Not Started",TRUE,5700.83258138228,TRUE,TRUE
"TX2200332",9000,2.54265327,"System","Not Started",TRUE,3539.60962990443,TRUE,TRUE
"TX2210001",130501,82.03229234,"System","Not Started",TRUE,1590.84911901659,TRUE,TRUE
"TX2210008",7413,70.33167655,"System","Not Started",TRUE,105.400587098617,TRUE,TRUE
"TX2210011",1176,4.94835478,"System","Not Started",TRUE,237.654746331669,TRUE,TRUE
"TX2210013",7183,3.87644913,"System","Not Started",TRUE,1852.98446054934,TRUE,TRUE
"TX2210022",8178,114.00627691,"System","Not Started",TRUE,71.7328924481585,TRUE,TRUE
"TX2230001",8652,6.87082414,"System","Not Started",TRUE,1259.23758543469,TRUE,TRUE
"TX2250001",16238,17.54172075,"CCNBND","Not Started",TRUE,925.678856220534,TRUE,TRUE
"TX2250004",17641,356.72963306,"System","Not Started",TRUE,49.4520173406308,TRUE,TRUE
"TX2260001",105229,57.71087464,"System","Not Started",TRUE,1823.38251943707,TRUE,TRUE
"TX2260008",5049,24.69784157,"CCNBND","Not Started",TRUE,204.430819822447,TRUE,TRUE
"TX2260027",5241,1.6944455,"System","Not Started",TRUE,3093.04725351155,TRUE,TRUE
"TX2270001",1115323,262.70612454,"System","Not Started",TRUE,4245.51579051664,TRUE,TRUE
"TX2270002",19620,7.22338552,"System","Not Started",TRUE,2716.17788441119,TRUE,TRUE
"TX2270008",8907,53.65542477,"System","Not Started",TRUE,166.003717949878,TRUE,TRUE
"TX2270011",7902,13.34838852,"System","Not Started",TRUE,591.981570521443,TRUE,TRUE
"TX2270012",10512,4.44726849,"System","Not Started",TRUE,2363.69808201079,TRUE,TRUE
"TX2270014",63464,22.38066713,"System","Not Started",TRUE,2835.66167314692,TRUE,TRUE
"TX2270027",45165,35.46451129,"System","Not Started",TRUE,1273.52664275217,TRUE,TRUE
"TX2270033",39648,244.29109431,"System","Not Started",TRUE,162.298180013421,TRUE,TRUE
"TX2270054",2022,3.0873723,"System","Not Started",TRUE,654.925873371346,TRUE,TRUE
"TX2270083",5733,1.94942318,"DISTRICTBND","Not Started",TRUE,2940.86992440502,TRUE,TRUE
"TX2270092",8698,14.32869683,"System","Not Started",TRUE,607.033570686554,TRUE,TRUE
"TX2270161",21231,3.29070974,"System","Not Started",TRUE,6451.79966556394,TRUE,TRUE
"TX2270182",9204,7.72043882,"System","Not Started",TRUE,1192.16021454076,TRUE,TRUE
"TX2270196",140,NA,NA,NA,FALSE,NA,FALSE,FALSE
"TX2270226",11133,1.42295853,"System","Not Started",TRUE,7823.84009462314,TRUE,TRUE
"TX2270227",18015,1.97500401,"System","Not Started",TRUE,9121.50046723196,TRUE,TRUE
"TX2270235",35664,60.71170997,"System","Not Started",TRUE,587.431980051673,TRUE,TRUE
"TX2270255",9987,7.17896089,"System","Not Started",TRUE,1391.14840615882,TRUE,TRUE
"TX2270264",11520,1.73719685,"System","Not Started",TRUE,6631.37283492081,TRUE,TRUE
"TX2270403",1491,0.30590989,"System","Not Started",TRUE,4873.98429648679,TRUE,TRUE
"TX2290001",6069,12.1305779,"System","Not Started",TRUE,500.305925243677,TRUE,TRUE
"TX2290037",5872,0.34174876,"Upload","Not Started",TRUE,17182.2130386077,TRUE,TRUE
"TX2300002",8115,4.28853681,"System","Not Started",TRUE,1892.25378247365,TRUE,TRUE
"TX2300006",7320,67.3280205,"System","Not Started",TRUE,108.721449786274,TRUE,TRUE
"TX2300012",10089,111.6524424,"System","Not Started",TRUE,90.360764020331,TRUE,TRUE
"TX2320002",17450,19.13960024,"System","Not Started",TRUE,911.722281614383,TRUE,TRUE
"TX2320004",933,1.87433019,"CCNBND","Not Started",TRUE,497.777822166968,TRUE,TRUE
"TX2330001",36506,8.6467742,"System","Not Started",TRUE,4221.92128019256,TRUE,TRUE
"TX2330006",4010,6.28340848,"System","Not Started",TRUE,638.188653938984,TRUE,TRUE
"TX2340001",5028,7.43630271,"System","Not Started",TRUE,676.142458972061,TRUE,TRUE
"TX2340004",2745,8.5463594,"System","Not Started",TRUE,321.189394398742,TRUE,TRUE
"TX2340005",7281,9.08591102,"System","Not Started",TRUE,801.350572768431,TRUE,TRUE
"TX2340010",3747,40.47745201,"System","Not Started",TRUE,92.5700560172192,TRUE,TRUE
"TX2340012",7548,135.92354229,"System","Not Started",TRUE,55.5312190429524,TRUE,TRUE
"TX2340019",5205,56.50968681,"System","Not Started",TRUE,92.1081020586884,TRUE,TRUE
"TX2350002",66932,42.43575805,"CCNBND","Not Started",TRUE,1577.25472751393,TRUE,TRUE
"TX2350060",40,NA,NA,NA,FALSE,NA,FALSE,FALSE
"TX2360001",48522,49.16491024,"Upload","Not Started",TRUE,986.92339237758,TRUE,TRUE
"TX2360010",6246,43.5121656,"System","Not Started",TRUE,143.546061518023,TRUE,TRUE
"TX2370001",7158,5.55409204,"PWS","Not Started",TRUE,1288.77950679406,TRUE,TRUE
"TX2370002",9550,1.36235457,"OTHER","Not Started",TRUE,7009.922534337,TRUE,TRUE
"TX2370003",5448,7.40619499,"System","Not Started",TRUE,735.600400388594,TRUE,TRUE
"TX2370004",5364,2.61466353,"System","Not Started",TRUE,2051.50679559905,TRUE,TRUE
"TX2370005",1650,12.0857684,"System","Not Started",TRUE,136.524211402231,TRUE,TRUE
"TX2370063",3343,155.78009159,"System","Not Started",TRUE,21.4597383136639,TRUE,TRUE
"TX2380001",6953,28.90301523,"System","Not Started",TRUE,240.563136567949,TRUE,TRUE
"TX2390001",18469,13.0101351,"System","Not Started",TRUE,1419.58556602537,TRUE,TRUE
"TX2390002",315,1.19622803,"CITYBND","Not Started",TRUE,263.327720217357,TRUE,TRUE
"TX2400001",260046,405.44546414,"System","Not Started",TRUE,641.383423912732,TRUE,TRUE
"TX2400022",8358,89.20128669,"System","Not Started",TRUE,93.6981999939804,TRUE,TRUE
"TX2410002",12095,9.3597538,"System","Not Started",TRUE,1292.23484489517,TRUE,TRUE
"TX2410005",8756,8.43351985,"System","Not Started",TRUE,1038.2379072719,TRUE,TRUE
"TX2430001",102316,69.91551642,"System","Not Started",TRUE,1463.4233606366,TRUE,TRUE
"TX2430003",6612,6.87587069,"System","Not Started",TRUE,961.62366892912,TRUE,TRUE
"TX2430005",10978,25.7396623,"System","Not Started",TRUE,426.501322047259,TRUE,TRUE
"TX2430006",6516,337.93143727,"System","Not Started",TRUE,19.2820178336763,TRUE,TRUE
"TX2430007",19500,6.82877671,"System","Not Started",TRUE,2855.56269125689,TRUE,TRUE
"TX2440001",11002,6.13162923,"CCNBND","Not Started",TRUE,1794.30288220477,TRUE,TRUE
"TX2450001",11288,2.6790226,"System","Not Started",TRUE,4213.47695984349,TRUE,TRUE
"TX2450006",1884,1.30863299,"DISTRICTBND","Not Started",TRUE,1439.67026232466,TRUE,TRUE
"TX2460001",191639,451.02340902,"System","Not Started",TRUE,424.898123173696,TRUE,TRUE
"TX2460003",130662,46.70513522,"System","Not Started",TRUE,2797.59387023567,TRUE,TRUE
"TX2460004",20622,29.56742752,"System","Not Started",TRUE,697.456685606175,TRUE,TRUE
"TX2460006",2950,1.26245106,"System","Not Started",TRUE,2336.72424497786,TRUE,TRUE
"TX2460007",29580,10.35223435,"System","Not Started",TRUE,2857.35417108288,TRUE,TRUE
"TX2460009",86939,30.02274726,"System","Not Started",TRUE,2895.7709714937,TRUE,TRUE
"TX2460011",9681,132.57028666,"System","Not Started",TRUE,73.0254134912497,TRUE,TRUE
"TX2460012",98330,74.16230338,"System","Not Started",TRUE,1325.87575518208,TRUE,TRUE
"TX2460022",29861,144.40494091,"System","Not Started",TRUE,206.786553228887,TRUE,TRUE
"TX2460061",18314,3.55837308,"Upload","Not Started",TRUE,5146.73407994645,TRUE,TRUE
"TX2460110",6618,1.09373086,"System","Not Started",TRUE,6050.84874353824,TRUE,TRUE
"TX2460120",5793,0.87725915,"DISTRICTBND","Not Started",TRUE,6603.52188974033,TRUE,TRUE
"TX2460128",5682,1.03803892,"System","Not Started",TRUE,5473.78319880337,TRUE,TRUE
"TX2460145",3513,0.78163299,"System","Not Started",TRUE,4494.43670487859,TRUE,TRUE
"TX2460152",8265,1.16839812,"System","Not Started",TRUE,7073.78748606682,TRUE,TRUE
"TX2460157",16614,1.78375,"System","Not Started",TRUE,9314.08549404345,TRUE,TRUE
"TX2460159",4248,0.78607059,"System","Not Started",TRUE,5404.09481545417,TRUE,TRUE
"TX2470001",8306,4.25203733,"CCNBND","Not Started",TRUE,1953.41652844802,TRUE,TRUE
"TX2470005",5064,235.26201276,"System","Not Started",TRUE,21.5249369866013,TRUE,TRUE
"TX2470009",6225,34.2110863,"CCNBND","Not Started",TRUE,181.95856002386,TRUE,TRUE
"TX2470015",20826,145.2472933,"System","Not Started",TRUE,143.383050567318,TRUE,TRUE
"TX2480001",5708,2.85602634,"CCNBND","Not Started",TRUE,1998.58100748469,TRUE,TRUE
"TX2490003",5930,7.48386438,"System","Not Started",TRUE,792.371387146917,TRUE,TRUE
"TX2490005",6910,9.26100803,"System","Not Started",TRUE,746.139078771536,TRUE,TRUE
"TX2490016",3909,62.76943984,"System","Not Started",TRUE,62.2755278677663,TRUE,TRUE
"TX2500002",4515,16.19960733,"CCNBND","Not Started",TRUE,278.71045933556,TRUE,TRUE
"TX2500004",3614,3.26137824,"CCNBND","Not Started",TRUE,1108.12047363142,TRUE,TRUE
"TX2500006",4821,71.83076881,"System","Not Started",TRUE,67.1160852078871,TRUE,TRUE
"TX2500007",6075,96.59284439,"System","Not Started",TRUE,62.8928575233978,TRUE,TRUE
"TX2500012",3540,6.89013904,"System","Not Started",TRUE,513.777730674068,TRUE,TRUE
"TX2500015",6738,65.04088963,"System","Not Started",TRUE,103.59636896621,TRUE,TRUE
"TX2500016",7668,154.41313415,"System","Not Started",TRUE,49.6589881567403,TRUE,TRUE
"TX2500018",5238,23.80015139,"System","Not Started",TRUE,220.082633684457,TRUE,TRUE
"TX2500020",9111,156.57712345,"System","Not Started",TRUE,58.1885769724811,TRUE,TRUE
"TX2500039",5082,39.82492889,"CCNBND","Not Started",TRUE,127.608514105246,TRUE,TRUE
"TX2510001",5500,3.81119995,"System","Not Started",TRUE,1443.11504831962,TRUE,TRUE
"TX2520001",8718,5.13432675,"CCNBND","Not Started",TRUE,1697.98308999325,TRUE,TRUE
"TX2520007",8070,803.41321914,"CCNBND","Not Started",TRUE,10.0446442848406,TRUE,TRUE
"TX2530002",13736,7.91709069,"CCNBND","Not Started",TRUE,1734.98075718014,TRUE,TRUE
"TX2540001",7128,3.65132104,"CITYBND","Not Started",TRUE,1952.17016578745,TRUE,TRUE
