"zcta","n_pws_serving_hybrid","pct_edges_from_polygon","pfas_hazard_index_phase1","pfas_hazard_index_hybrid","abs_diff"
"78660",8,100,0.320695437442288,1.17544401660538,0.854748579163094
"76904",2,50,0.0689,0.807608685489923,0.738708685489923
"76905",3,66.7,0.0689,0.646688941062855,0.577788941062855
"79706",3,100,0.00083125,0.571126566348442,0.570295316348442
"79562",3,66.7,0.68400617745617,0.120048154829243,-0.563958022626927
"76901",2,100,0.147922727272727,0.692610411625747,0.54468768435302
"79510",3,100,1.05418525509867,0.54757188026044,-0.506613374838233
"76053",6,100,0.574245253444057,0.0935471427088628,-0.480698110735194
"76028",5,100,0.516304333454923,0.0873652653413545,-0.428939068113568
"76040",5,100,0.56237223478773,0.139980535827151,-0.422391698960579
"76579",2,100,0.389995897996083,0.0441511186290926,-0.34584477936699
"76262",9,88.9,0.584847929725818,0.275118667626352,-0.309729262099465
"77059",4,100,0.00903266195532188,0.280838842278819,0.271806180323498
"76247",4,100,0.587511687260683,0.350252315899445,-0.237259371361238
"76114",6,100,0.588424607036959,0.357688066494948,-0.230736540542011
