"county","county_name_wonder","deaths","population","crude_rate","suppressed"
48001,"Anderson County, TX",307,291519,105.3,FALSE
48003,"Andrews County, TX",101,93240,108.3,FALSE
48005,"Angelina County, TX",798,435816,183.1,FALSE
48007,"Aransas County, TX",214,124237,172.3,FALSE
48009,"Archer County, TX",40,44430,90,FALSE
48011,"Armstrong County, TX",19,9199,206.5,FALSE
48013,"Atascosa County, TX",358,257094,139.2,FALSE
48015,"Austin County, TX",190,155672,122.1,FALSE
48017,"Bailey County, TX",42,34014,123.5,FALSE
48019,"Bandera County, TX",152,113008,134.5,FALSE
48021,"Bastrop County, TX",476,525556,90.6,FALSE
48023,"Baylor County, TX",37,17457,211.9,FALSE
48025,"Bee County, TX",147,155907,94.3,FALSE
48027,"Bell County, TX",1589,1930701,82.3,FALSE
48029,"Bexar County, TX",8618,10330005,83.4,FALSE
48031,"Blanco County, TX",80,62979,127,FALSE
48033,"Borden County, TX",NA,3037,NA,TRUE
48035,"Bosque County, TX",238,93812,253.7,FALSE
48037,"Bowie County, TX",1076,461776,233,FALSE
48039,"Brazoria County, TX",1575,1960550,80.3,FALSE
48041,"Brazos County, TX",774,1205928,64.2,FALSE
48043,"Brewster County, TX",67,47051,142.4,FALSE
48045,"Briscoe County, TX",12,7260,165.3,FALSE
48047,"Brooks County, TX",55,34452,159.6,FALSE
48049,"Brown County, TX",389,191538,203.1,FALSE
48051,"Burleson County, TX",209,94876,220.3,FALSE
48053,"Burnet County, TX",358,262822,136.2,FALSE
48055,"Caldwell County, TX",286,240907,118.7,FALSE
48057,"Calhoun County, TX",178,100072,177.9,FALSE
48059,"Callahan County, TX",130,71424,182,FALSE
48061,"Cameron County, TX",1925,2131001,90.3,FALSE
48063,"Camp County, TX",106,64556,164.2,FALSE
48065,"Carson County, TX",63,29084,216.6,FALSE
48067,"Cass County, TX",364,144259,252.3,FALSE
48069,"Castro County, TX",36,36675,98.2,FALSE
48071,"Chambers County, TX",221,255798,86.4,FALSE
48073,"Cherokee County, TX",426,261057,163.2,FALSE
48075,"Childress County, TX",38,34155,111.3,FALSE
48077,"Clay County, TX",97,52767,183.8,FALSE
48079,"Cochran County, TX",26,13031,199.5,FALSE
48081,"Coke County, TX",23,16725,137.5,FALSE
48083,"Coleman County, TX",88,39517,222.7,FALSE
48085,"Collin County, TX",2895,5790244,50,FALSE
48087,"Collingsworth County, TX",32,13234,241.8,FALSE
48089,"Colorado County, TX",222,105586,210.3,FALSE
48091,"Comal County, TX",858,919996,93.3,FALSE
48093,"Comanche County, TX",216,69812,309.4,FALSE
48095,"Concho County, TX",18,16131,111.6,FALSE
48097,"Cooke County, TX",293,214727,136.5,FALSE
48099,"Coryell County, TX",307,417274,73.6,FALSE
48101,"Cottle County, TX",12,6608,181.6,FALSE
48103,"Crane County, TX",30,23159,129.5,FALSE
48105,"Crockett County, TX",41,15181,270.1,FALSE
48107,"Crosby County, TX",44,25618,171.8,FALSE
48109,"Culberson County, TX",22,10947,201,FALSE
48111,"Dallam County, TX",42,36449,115.2,FALSE
48113,"Dallas County, TX",10124,13085164,77.4,FALSE
48115,"Dawson County, TX",81,61279,132.2,FALSE
48117,"Deaf Smith County, TX",92,91825,100.2,FALSE
48119,"Delta County, TX",50,27314,183.1,FALSE
48121,"Denton County, TX",2237,4891075,45.7,FALSE
48123,"DeWitt County, TX",108,100045,108,FALSE
48125,"Dickens County, TX",14,9042,154.8,FALSE
48127,"Dimmit County, TX",73,43223,168.9,FALSE
48129,"Donley County, TX",36,16322,220.6,FALSE
48131,"Duval County, TX",92,49891,184.4,FALSE
48133,"Eastland County, TX",245,90523,270.6,FALSE
48135,"Ector County, TX",887,824177,107.6,FALSE
48137,"Edwards County, TX",23,7559,304.3,FALSE
48139,"Ellis County, TX",805,1061836,75.8,FALSE
48141,"El Paso County, TX",3855,4323660,89.2,FALSE
48143,"Erath County, TX",274,219188,125,FALSE
48145,"Falls County, TX",120,86675,138.4,FALSE
48147,"Fannin County, TX",405,185828,217.9,FALSE
48149,"Fayette County, TX",286,126109,226.8,FALSE
48151,"Fisher County, TX",35,18389,190.3,FALSE
48153,"Floyd County, TX",42,26389,159.2,FALSE
48155,"Foard County, TX",13,5404,240.6,FALSE
48157,"Fort Bend County, TX",2431,4462591,54.5,FALSE
48159,"Franklin County, TX",125,53550,233.4,FALSE
48161,"Freestone County, TX",156,100684,154.9,FALSE
48163,"Frio County, TX",116,94137,123.2,FALSE
48165,"Gaines County, TX",81,111487,72.7,FALSE
48167,"Galveston County, TX",1399,1786419,78.3,FALSE
48169,"Garza County, TX",38,27509,138.1,FALSE
48171,"Gillespie County, TX",203,137626,147.5,FALSE
48173,"Glasscock County, TX",NA,6046,NA,TRUE
48175,"Goliad County, TX",31,36285,85.4,FALSE
48177,"Gonzales County, TX",131,100391,130.5,FALSE
48179,"Gray County, TX",192,105507,182,FALSE
48181,"Grayson County, TX",805,718224,112.1,FALSE
48183,"Gregg County, TX",1152,626795,183.8,FALSE
48185,"Grimes County, TX",198,156487,126.5,FALSE
48187,"Guadalupe County, TX",885,914024,96.8,FALSE
48189,"Hale County, TX",237,160515,147.6,FALSE
48191,"Hall County, TX",16,14240,112.4,FALSE
48193,"Hamilton County, TX",71,42347,167.7,FALSE
48195,"Hansford County, TX",31,25666,120.8,FALSE
48197,"Hardeman County, TX",33,17986,183.5,FALSE
48199,"Hardin County, TX",374,290020,129,FALSE
48201,"Harris County, TX",17312,24091623,71.9,FALSE
48203,"Harrison County, TX",581,347756,167.1,FALSE
48205,"Hartley County, TX",26,26189,99.3,FALSE
48207,"Haskell County, TX",46,27388,168,FALSE
48209,"Hays County, TX",664,1338502,49.6,FALSE
48211,"Hemphill County, TX",12,16588,72.3,FALSE
48213,"Henderson County, TX",858,425595,201.6,FALSE
48215,"Hidalgo County, TX",4394,4457214,98.6,FALSE
48217,"Hill County, TX",373,187678,198.7,FALSE
48219,"Hockley County, TX",157,108410,144.8,FALSE
48221,"Hood County, TX",420,331022,126.9,FALSE
48223,"Hopkins County, TX",292,189141,154.4,FALSE
48225,"Houston County, TX",200,111289,179.7,FALSE
48227,"Howard County, TX",352,165727,212.4,FALSE
48229,"Hudspeth County, TX",29,18684,155.2,FALSE
48231,"Hunt County, TX",703,543559,129.3,FALSE
48233,"Hutchinson County, TX",271,101141,267.9,FALSE
48235,"Irion County, TX",NA,7721,NA,TRUE
48237,"Jack County, TX",56,44963,124.5,FALSE
48239,"Jackson County, TX",84,75622,111.1,FALSE
48241,"Jasper County, TX",351,166435,210.9,FALSE
48243,"Jeff Davis County, TX",16,9706,164.8,FALSE
48245,"Jefferson County, TX",1594,1260105,126.5,FALSE
48247,"Jim Hogg County, TX",34,24051,141.4,FALSE
48249,"Jim Wells County, TX",363,195673,185.5,FALSE
48251,"Johnson County, TX",1052,975814,107.8,FALSE
48253,"Jones County, TX",184,100914,182.3,FALSE
48255,"Karnes County, TX",95,75307,126.2,FALSE
48257,"Kaufman County, TX",720,856851,84,FALSE
48259,"Kendall County, TX",304,246649,123.3,FALSE
48261,"Kenedy County, TX",NA,1750,NA,TRUE
48263,"Kent County, TX",NA,3712,NA,TRUE
48265,"Kerr County, TX",421,267586,157.3,FALSE
48267,"Kimble County, TX",36,22026,163.4,FALSE
48269,"King County, TX",NA,1206,NA,TRUE
48271,"Kinney County, TX",22,16267,135.2,FALSE
48273,"Kleberg County, TX",181,151846,119.2,FALSE
48275,"Knox County, TX",35,16864,207.5,FALSE
48277,"Lamar County, TX",514,252863,203.3,FALSE
48279,"Lamb County, TX",81,63730,127.1,FALSE
48281,"Lampasas County, TX",157,113627,138.2,FALSE
48283,"La Salle County, TX",25,33990,73.6,FALSE
48285,"Lavaca County, TX",182,102525,177.5,FALSE
48287,"Lee County, TX",106,89748,118.1,FALSE
48289,"Leon County, TX",169,82897,203.9,FALSE
48291,"Liberty County, TX",747,514474,145.2,FALSE
48293,"Limestone County, TX",222,112531,197.3,FALSE
48295,"Lipscomb County, TX",13,14682,88.5,FALSE
48297,"Live Oak County, TX",93,58680,158.5,FALSE
48299,"Llano County, TX",225,112514,200,FALSE
48301,"Loving County, TX",NA,380,NA,TRUE
48303,"Lubbock County, TX",1663,1595118,104.3,FALSE
48305,"Lynn County, TX",33,29150,113.2,FALSE
48307,"McCulloch County, TX",59,37753,156.3,FALSE
48309,"McLennan County, TX",1475,1328622,111,FALSE
48311,"McMullen County, TX",NA,3038,NA,TRUE
48313,"Madison County, TX",98,69425,141.2,FALSE
48315,"Marion County, TX",104,48440,214.7,FALSE
48317,"Martin County, TX",19,26639,71.3,FALSE
48319,"Mason County, TX",21,20187,104,FALSE
48321,"Matagorda County, TX",223,181944,122.6,FALSE
48323,"Maverick County, TX",253,290868,87,FALSE
48325,"Medina County, TX",425,268478,158.3,FALSE
48327,"Menard County, TX",31,9943,311.8,FALSE
48329,"Midland County, TX",664,878526,75.6,FALSE
48331,"Milam County, TX",197,127552,154.4,FALSE
48333,"Mills County, TX",58,22931,252.9,FALSE
48335,"Mitchell County, TX",57,44258,128.8,FALSE
48337,"Montague County, TX",214,104922,204,FALSE
48339,"Montgomery County, TX",2722,3414694,79.7,FALSE
48341,"Moore County, TX",59,105830,55.7,FALSE
48343,"Morris County, TX",153,60756,251.8,FALSE
48345,"Motley County, TX",10,5319,188,FALSE
48347,"Nacogdoches County, TX",406,325386,124.8,FALSE
48349,"Navarro County, TX",380,271089,140.2,FALSE
48351,"Newton County, TX",158,61654,256.3,FALSE
48353,"Nolan County, TX",140,72393,193.4,FALSE
48355,"Nueces County, TX",1687,1773315,95.1,FALSE
48357,"Ochiltree County, TX",30,48407,62,FALSE
48359,"Oldham County, TX",NA,9210,NA,TRUE
48361,"Orange County, TX",600,424391,141.4,FALSE
48363,"Palo Pinto County, TX",281,147223,190.9,FALSE
48365,"Panola County, TX",195,114399,170.5,FALSE
48367,"Parker County, TX",768,823997,93.2,FALSE
48369,"Parmer County, TX",48,48241,99.5,FALSE
48371,"Pecos County, TX",89,74906,118.8,FALSE
48373,"Polk County, TX",411,266593,154.2,FALSE
48375,"Potter County, TX",807,577492,139.7,FALSE
48377,"Presidio County, TX",30,30068,99.8,FALSE
48379,"Rains County, TX",107,64176,166.7,FALSE
48381,"Randall County, TX",680,728695,93.3,FALSE
48383,"Reagan County, TX",19,16501,115.1,FALSE
48385,"Real County, TX",34,14703,231.2,FALSE
48387,"Red River County, TX",212,58466,362.6,FALSE
48389,"Reeves County, TX",66,67067,98.4,FALSE
48391,"Refugio County, TX",56,33670,166.3,FALSE
48393,"Roberts County, TX",NA,4090,NA,TRUE
48395,"Robertson County, TX",131,86192,152,FALSE
48397,"Rockwall County, TX",480,617828,77.7,FALSE
48399,"Runnels County, TX",74,49822,148.5,FALSE
48401,"Rusk County, TX",407,266870,152.5,FALSE
48403,"Sabine County, TX",160,50758,315.2,FALSE
48405,"San Augustine County, TX",63,39627,159,FALSE
48407,"San Jacinto County, TX",231,143789,160.7,FALSE
48409,"San Patricio County, TX",436,348849,125,FALSE
48411,"San Saba County, TX",31,29043,106.7,FALSE
48413,"Schleicher County, TX",16,12240,130.7,FALSE
48415,"Scurry County, TX",66,82595,79.9,FALSE
48417,"Shackelford County, TX",31,16096,192.6,FALSE
48419,"Shelby County, TX",167,121233,137.8,FALSE
48421,"Sherman County, TX",15,14073,106.6,FALSE
48423,"Smith County, TX",1755,1209214,145.1,FALSE
48425,"Somervell County, TX",54,48351,111.7,FALSE
48427,"Starr County, TX",342,328564,104.1,FALSE
48429,"Stephens County, TX",106,46715,226.9,FALSE
48431,"Sterling County, TX",NA,6897,NA,TRUE
48433,"Stonewall County, TX",16,6200,258.1,FALSE
48435,"Sutton County, TX",24,16764,143.2,FALSE
48437,"Swisher County, TX",61,35061,174,FALSE
48439,"Tarrant County, TX",7108,10818074,65.7,FALSE
48441,"Taylor County, TX",1093,723338,151.1,FALSE
48443,"Terrell County, TX",NA,3524,NA,TRUE
48445,"Terry County, TX",135,58653,230.2,FALSE
48447,"Throckmorton County, TX",16,7590,210.8,FALSE
48449,"Titus County, TX",246,158221,155.5,FALSE
48451,"Tom Green County, TX",425,597473,71.1,FALSE
48453,"Travis County, TX",3639,6630821,54.9,FALSE
48455,"Trinity County, TX",101,71423,141.4,FALSE
48457,"Tyler County, TX",251,102640,244.5,FALSE
48459,"Upshur County, TX",459,213759,214.7,FALSE
48461,"Upton County, TX",26,16277,159.7,FALSE
48463,"Uvalde County, TX",202,126509,159.7,FALSE
48465,"Val Verde County, TX",238,239917,99.2,FALSE
48467,"Van Zandt County, TX",465,310971,149.5,FALSE
48469,"Victoria County, TX",547,457578,119.5,FALSE
48471,"Walker County, TX",241,394001,61.2,FALSE
48473,"Waller County, TX",307,307789,99.7,FALSE
48475,"Ward County, TX",70,56259,124.4,FALSE
48477,"Washington County, TX",188,182638,102.9,FALSE
48479,"Webb County, TX",961,1355377,70.9,FALSE
48481,"Wharton County, TX",312,209004,149.3,FALSE
48483,"Wheeler County, TX",63,24308,259.2,FALSE
48485,"Wichita County, TX",905,653416,138.5,FALSE
48487,"Wilbarger County, TX",71,62751,113.1,FALSE
48489,"Willacy County, TX",87,101684,85.6,FALSE
48491,"Williamson County, TX",2070,3356970,61.7,FALSE
48493,"Wilson County, TX",338,265613,127.3,FALSE
48495,"Winkler County, TX",43,37403,115,FALSE
48497,"Wise County, TX",371,377065,98.4,FALSE
48499,"Wood County, TX",572,235686,242.7,FALSE
48501,"Yoakum County, TX",34,38809,87.6,FALSE
48503,"Young County, TX",178,90203,197.3,FALSE
48505,"Zapata County, TX",49,69484,70.5,FALSE
48507,"Zavala County, TX",79,49272,160.3,FALSE
