"field","value"
"source","Texas DSHS Center for Health Statistics, Vital Statistics Annual Report (Table 10)"
"exact_table_title","Low Birth Weight (<2500 grams) Infants by Region, County of Residence, and Race/Ethnicity"
"geography","County of maternal residence"
"numerator_definition","Infants born at <2,500 grams (DSHS definition, matches the standard clinical LBW cutoff)"
"denominator","Not published directly; DERIVED here as round(count / (rate/100)) -- documented, not assumed exact"
"rate_definition","Percent of all resident live births in the county that were low birth weight"
"small_cell_suppression_symbols","'*' for a suppressed count, '-' for a suppressed/not-computed rate (both observed in the raw file; NOT the same thing as a published zero)"
"zero_distinguishable_from_suppressed","NO -- a county with a true small or zero count and a county with a privacy-suppressed count are not distinguishable from each other in this published table"
"counties_represented_2019","254"
"counties_suppressed_count_2019","76"
"counties_suppressed_pct_2019","135"
"most_recent_available_year_(static_table)","2019 (checked 2026-10-01; 2020-2023 not yet posted as a static Annual Report table)"
"preterm_birth_county_table_available","NO -- not found in this report series; see script header for the CDC WONDER D149 backup attempt (not completed)"
