"tri_chem_id","chem_name","cas_registry_number"
"0000307244","Perfluorohexanoic acid (PFHxA)","307-24-4"
"0000307357","Perfluorooctylsulfonyl fluoride","307-35-7"
"0000307551","Perfluorododecanoic acid","307-55-1"
"0000335660","Octanoyl fluoride, pentadecafluoro-","335-66-0"
"0000335671","Perfluorooctanoic acid","335-67-1"
"0000335717","1-Heptanesulfonyl fluoride, 1,1,2,2,3,3,4,4,5,5,6,6,7,7,7- pentadecafluoro-","335-71-7"
"0000335762","Perfluorodecanoic acid","335-76-2"
"0000335933","Silver(I) perfluorooctanoate","335-93-3"
"0000335955","Sodium perfluorooctanoate","335-95-5"
"0000355464","Perfluorohexanesulfonic acid","355-46-4"
"0000375224","Perfluorobutanoic acid","375-22-4"
"0000375735","Perfluorobutane sulfonic acid","375-73-5"
"0000375951","Perfluorononanoic acid","375-95-1"
"0000376067","Perfluorotetradecanoic acid","376-06-7"
"0000376147","2-[Ethyl[(heptadecafluorooctyl)sulfonyl]amino]ethyl methacrylate","376-14-7"
"0000376272","Methyl perfluorooctanoate","376-27-2"
"0000383073","2-[Butyl[(heptadecafluorooctyl)sulfonyl]amino]ethyl acrylate","383-07-3"
"0000422640","Perfluoropropanoic acid (PFPrA)","422-64-0"
"0000423825","2-[Ethyl[(heptadecafluorooctyl)sulfonyl]amino]ethyl acrylate","423-82-5"
"0000507631","Perfluorooctyl iodide","507-63-1"
"0000678397","1-Decanol, 3,3,4,4,5,5,6,6,7,7,8,8,9,9,10,10,10-heptadecafluoro-","678-39-7"
"0000865861","1-Dodecanol, 3,3,4,4,5,5,6,6,7,7,8,8,9,9,10,10,11,11,12,12,12-heneicosafluoro-","865-86-1"
"0001652637","3-[[(Heptadecafluorooctyl)sulfonyl]amino]-N,N,N-trimethyl-1-propanaminium iodide","1652-63-7"
"0001691992","N-Ethyl-N-(2-hydroxyethyl)perfluorooctanesulfonamide","1691-99-2"
"0001763231","Perfluorooctane sulfonic acid","1763-23-1"
"0001996889","2-Propenoic acid, 2-methyl-, 3,3,4,4,5,5,6,6,7,7,8,8,9,9,10,10,10-heptadecafluorodecyl ester","1996-88-9"
"0002043530","Decane, 1,1,1,2,2,3,3,4,4,5,5,6,6,7,7,8,8-heptadecafluoro-10-iodo-","2043-53-0"
"0002043541","Dodecane, 1,1,1,2,2,3,3,4,4,5,5,6,6,7,7,8,8,9,9,10,10-heneicosafluoro-12-iodo-","2043-54-1"
"0002144549","2-Propenoic acid, 2-methyl-, 3,3,4,4,5,5,6,6,7,7,8,8,9,9,10,10,11,11,12,12,12-heneicosafluorododecyl ester","2144-54-9"
"0002218544","Sodium perfluorobutanoate","2218-54-4"
"0002263094","1-Octanesulfonamide, N-butyl-1,1,2,2,3,3,4,4,5,5,6,6,7,7,8,8,8-heptadecafluoro-N-(2-hydroxyethyl)-","2263-09-4"
"0002395008","Potassium perfluorooctanoate","2395-00-8"
"0002795393","Potassium perfluorooctanesulfonate","2795-39-3"
"0002923264","Sodium perfluorohexanoate","2923-26-4"
"0002966543","Potassium heptafluorobutanoate","2966-54-3"
"0002991517","Glycine, N-ethyl-N-[(heptadecafluorooctyl)sulfonyl]-, potassium salt","2991-51-7"
"0003107184","Cyclohexanesulfonic acid, undecafluoro-, potassium salt","3107-18-4"
"0003825261","Ammonium perfluorooctanoate","3825-26-1"
"0003871996","1-Hexanesulfonic acid, 1,1,2,2,3,3,4,4,5,5,6,6,6-tridecafluoro-, potassium salt","3871-99-6"
"0003872251","1-Pentanesulfonic acid, 1,1,2,2,3,3,4,4,5,5,5-undecafluoro-, potassium salt","3872-25-1"
"0004151502","Sulfluramid","4151-50-2"
"0004980534","2-Propenoic acid, 2-methyl-, 3,3,4,4,5,5,6,6,7,7,8,8,9,9,10,10,11,11,12,12,13,13,14,14,15,15,16,16,16-nonacosafluorohexadecyl ester","4980-53-4"
"0006014751","2-Propenoic acid, 2-methyl-, 3,3,4,4,5,5,6,6,7,7,8,8,9,9,10,10,11,11,12,12,13,13,14,14,14-pentacosafluorotetradecyl ester","6014-75-1"
"0010495860","Ammonium perfluorobutanoate","10495-86-0"
"0013252136","Hexafluoropropylene oxide dimer acid","13252-13-6"
"0016517116","Octadecanoic acid, pentatriacontafluoro-","16517-11-6"
"0017202414","1-Nonanesulfonic acid, 1,1,2,2,3,3,4,4,5,5,6,6,7,7,8,8,9,9,9-nonadecafluoro-, ammonium salt","17202-41-4"
"0017741605","1,1,2,2-Tetrahydroperfluorododecyl acrylate","17741-60-5"
"0021615474","Ammonium perfluorohexanoate","21615-47-4"
"0021652584","Perfluorooctyl Ethylene","21652-58-4"
"0024448097","1-Octanesulfonamide, 1,1,2,2,3,3,4,4,5,5,6,6,7,7,8,8,8-heptadecafluoro-N-(2-hydroxyethyl)-N-methyl-","24448-09-7"
"0025268773","2-[[(Heptadecafluorooctyl)sulfonyl]methylamino]ethyl acrylate","25268-77-3"
"0027619905","1-Decanesulfonyl chloride, 3,3,4,4,5,5,6,6,7,7,8,8,9,9,10,10,10- heptadecafluoro-","27619-90-5"
"0027619916","1-Dodecanesulfonyl chloride, 3,3,4,4,5,5,6,6,7,7,8,8,9,9,10,10,11,11,12,12,12-heneicosafluoro-","27619-91-6"
"0027905459","1,1,2,2-Tetrahydroperfluorodecyl acrylate","27905-45-9"
"0029081569","1-Octanesulfonic acid, 1,1,2,2,3,3,4,4,5,5,6,6,7,7,8,8,8-heptadecafluoro-, ammonium salt","29081-56-9"
"0029117086","Poly(oxy-1,2-ethanediyl), <U+03B1>-[2-[ethyl[(heptadecafluorooctyl)sulfonyl]amino]ethyl]-<U+03C9>-hydroxy-","29117-08-6"
"0029420493","Potassium perfluorobutane sulfonate","29420-49-3"
"0029457725","Lithium (perfluorooctane)sulfonate","29457-72-5"
"0030046312","Tetradecane, 1,1,1,2,2,3,3,4,4,5,5,6,6,7,7,8,8,9,9,10,10,11,11,12,12-pentacosafluoro-14-iodo-","30046-31-2"
"0031506328","1-Octanesulfonamide, 1,1,2,2,3,3,4,4,5,5,6,6,7,7,8,8,8-heptadecafluoro-N-methyl-","31506-32-8"
"0034362497","1,1,2,2-Tetrahydroperfluorohexadecyl acrylate","34362-49-7"
"0034395249","1,1,2,2-Tetrahydroperfluorotetradecyl acrylate","34395-24-9"
"0037338480","Poly[oxy(methyl-1,2-ethanediyl)], <U+03B1>-[2-[ethyl[(heptadecafluorooctyl)sulfonyl]amino]ethyl]-<U+03C9>-hydroxy-","37338-48-0"
"0038006745","1-Propanaminium, 3-[[(heptadecafluorooctyl)sulfonyl]amino]-N,N,N- trimethyl-, chloride","38006-74-5"
"0039239775","1-Tetradecanol, 3,3,4,4,5,5,6,6,7,7,8,8,9,9,10,10,11,11,12,12,13,13,14,14,14-pentacosafluoro-","39239-77-5"
"0045048622","Perfluorobutanoate","45048-62-2"
"0045187153","Perfluorobutanesulfonate","45187-15-3"
"0052166822","1-Propanaminium, N,N,N-trimethyl-3-[[(tridecafluorohexyl)sulfonyl]amino]-, chloride","52166-82-2"
"0055910106","Glycine, N-[(heptadecafluorooctyl)sulfonyl]-N-propyl-, potassium salt","55910-10-6"
"0056372237","Poly(oxy-1,2-ethanediyl), <U+03B1>-[2-[ethyl[(tridecafluorohexyl)sulfonyl]amino]ethyl]-<U+03C9>-hydroxy-","56372-23-7"
"0056773423","Ethanaminium, N,N,N-triethyl-, salt with 1,1,2,2,3,3,4,4,5,5,6,6,7,7,8,8,8-heptadecafluoro-1-octanesulfonic acid (1:1)","56773-42-3"
"0059071102","2-Propenoic acid, 2-[ethyl[(pentadecafluoroheptyl)sulfonyl]amino]ethyl ester","59071-10-2"
"0060270555","1-Heptanesulfonic acid, 1,1,2,2,3,3,4,4,5,5,6,6,7,7,7-pentadecafluoro-, potassium salt","60270-55-5"
"0060699516","1-Hexadecanol, 3,3,4,4,5,5,6,6,7,7,8,8,9,9,10,10,11,11,12,12,13,13,14,14,15,15,16,16,16-nonacosafluoro-","60699-51-6"
"0061660126","1-Octanesulfonamide, N-ethyl-1,1,2,2,3,3,4,4,5,5,6,6,7,7,8,8,8-heptadecafluoro-N-[3-(trimethoxysilyl)propyl]-","61660-12-6"
"0061798683","Pyridinium, 1-(3,3,4,4,5,5,6,6,7,7,8,8,9,9,10,10,10-heptadecafluorodecyl)-, salt with 4-methylbenzenesulfonic acid (1:1)","61798-68-3"
"0062037803","Hexafluoropropylene oxide dimer acid ammonium salt","62037-80-3"
"0065104452","2-Propenoic acid, 2-methyl-, 3,3,4,4,5,5,6,6,7,7,8,8,9,9,10,10,11,11,12,12,12-heneicosafluorododecyl ester, polymer with 3,3,4,4,5,5,6,6,7,7,8,8,9,9,10,10,10-heptadecafluorodecyl 2-methyl-2-propenoate, methyl 2-methyl-2-propenoate, 3,3,4,4,5,5,6,6,7,7,8,8,9,9,10,10,11,11,12,12,13,13,14,14,14-pentacosafluorotetradecyl 2-methyl-2-propenoate and 3,3,4,4,5,5,6,6,7,7,8,8,8-tridecafluorooctyl 2-methyl-2-propenoate","65104-45-2"
"0065104656","1-Eicosanol, 3,3,4,4,5,5,6,6,7,7,8,8,9,9,10,10,11,11,12,12,13,13,14,14,15,15,16,16,17,17,18,18,19,19,20,20,20-heptatriacontafluoro-","65104-65-6"
"0065104678","1-Octadecanol, 3,3,4,4,5,5,6,6,7,7,8,8,9,9,10,10,11,11,12,12,13,13,14,14,15,15,16,16,17,17,18,18,18-tritriacontafluoro-","65104-67-8"
"0065510556","Hexadecane, 1,1,1,2,2,3,3,4,4,5,5,6,6,7,7,8,8,9,9,10,10,11,11,12,12,13,13,14,14-nonacosafluoro-16-iodo-","65510-55-6"
"0065530598","Poly(difluoromethylene), <U+03B1>-fluoro-<U+03C9>-(2-hydroxyethyl)-, 2-hydroxy-1,2,3-propanetricarboxylate (3:1)","65530-59-8"
"0065530612","Poly(difluoromethylene), <U+03B1>-fluoro-<U+03C9>-[2-(phosphonooxy)ethyl]-","65530-61-2"
"0065530623","Poly(difluoromethylene), <U+03B1>,<U+03B1>'-[phosphinicobis(oxy-2,1-ethanediyl)]bis[<U+03C9>-fluoro-","65530-62-3"
"0065530634","Ethanol, 2,2'-iminobis-, compd. with <U+03B1>-fluoro-<U+03C9>-[2-(phosphonooxy)ethyl]poly(difluoromethylene) (2:1)","65530-63-4"
"0065530645","Ethanol, 2,2'-iminobis-, compd. with <U+03B1>,<U+03B1>'-[phosphinicobis(oxy-2,1-ethanediyl)]bis[<U+03C9>-fluoropoly(difluoromethylene)] (1:1)","65530-64-5"
"0065530656","Poly(difluoromethylene), <U+03B1>-fluoro-<U+03C9>-[2-[(1-oxooctadecyl)oxy]ethyl]-","65530-65-6"
"0065530667","Poly(difluoromethylene), <U+03B1>-fluoro-<U+03C9>-[2-[(2-methyl-1-oxo-2-propenyl)oxy]ethyl]-","65530-66-7"
"0065530690","Poly(difluoromethylene), <U+03B1>-[2-[(2-carboxyethyl)thio]ethyl]-<U+03C9>-fluoro-, lithium salt","65530-69-0"
"0065530703","Poly(difluoromethylene), <U+03B1>,<U+03B1>'-[phosphinicobis(oxy-2,1-ethanediyl)]bis[<U+03C9>-fluoro-, ammonium salt","65530-70-3"
"0065530714","Poly(difluoromethylene), <U+03B1>-fluoro-<U+03C9>-[2-(phosphonooxy)ethyl]-, monoammonium salt","65530-71-4"
"0065530725","Poly(difluoromethylene), <U+03B1>-fluoro-<U+03C9>-[2-(phosphonooxy)ethyl]-, diammonium salt","65530-72-5"
"0065530747","Ethanol, 2,2'-iminobis-, compd. with <U+03B1>-fluoro-<U+03C9>-[2-(phosphonooxy)ethyl]poly(difluoromethylene) (1:1)","65530-74-7"
"0065530838","Poly(difluoromethylene), <U+03B1>-[2-[(2-carboxyethyl)thio]ethyl]-<U+03C9>-fluoro-","65530-83-8"
"0065545804","Poly(oxy-1,2-ethanediyl), <U+03B1>-hydro-<U+03C9>-hydroxy-, ether with <U+03B1>-fluoro-<U+03C9>-(2-hydroxyethyl)poly(difluoromethylene) (1:1)","65545-80-4"
"0065605563","Poly(difluoromethylene), <U+03B1>-fluoro-<U+03C9>-(2-hydroxyethyl)-, dihydrogen 2-hydroxy-1,2,3-propanetricarboxylate","65605-56-3"
"0065605574","Poly(difluoromethylene), <U+03B1>-fluoro-<U+03C9>-(2-hydroxyethyl)-, hydrogen 2-hydroxy-1,2,3-propanetricarboxylate","65605-57-4"
"0065605585","2-Propenoic acid, esters, 2-methyl-, dodecyl ester, polymer with <U+03B1>-fluoro-<U+03C9>-[2-[(2-methyl-1-oxo-2-propen-1-yl)oxy]ethyl]poly(difluoromethylene)","65605-58-5"
"0065605596","2-Propenoic acid, 2-methyl-, dodecyl ester, polymer with <U+03B1>-fluoro-<U+03C9>-[2-[(2-methyl-1-oxo-2-propen-1-yl)oxy]ethyl]poly(difluoromethylene) and N-(hydroxymethyl)-2-propenamide","65605-59-6"
"0065605734","Poly(difluoromethylene), <U+03B1>-fluoro-<U+03C9>-[2-[(1-oxo-2-propenyl)oxy]ethyl]-, homopolymer","65605-73-4"
"0065636353","Ethanaminium, N,N-diethyl-N-methyl-2-[(2-methyl-1-oxo-2-propenyl)oxy]-, methyl sulfate, polymer with 2-ethylhexyl 2-methyl-2-propenoate, <U+03B1>-fluoro-<U+03C9>-[2-[(2-methyl-1-oxo-2-propenyl)oxy]ethyl]poly(difluoromethylene), 2-hydroxyethyl 2-methyl-2-propenoate and N-(hydroxymethyl)-2-propenamide","65636-35-3"
"0067584423","Cyclohexanesulfonic acid, decafluoro(pentafluoroethyl)-, potassium salt","67584-42-3"
"0067584525","Glycine, N-ethyl-N-[(undecafluoropentyl)sulfonyl]-, potassium salt","67584-52-5"
"0067584536","Glycine, N-ethyl-N-[(tridecafluorohexyl)sulfonyl]-, potassium salt","67584-53-6"
"0067584569","2-Propenoic acid, 2-[methyl[(undecafluoropentyl)sulfonyl]amino]ethyl ester","67584-56-9"
"0067584570","2-Propenoic acid, 2-[methyl[(tridecafluorohexyl)sulfonyl]amino]ethyl ester","67584-57-0"
"0067584581","1-Propanaminium, N,N,N-trimethyl-3-[[(pentadecafluoroheptyl)sulfonyl]amino]-, iodide","67584-58-1"
"0067584627","Glycine, N-ethyl-N-[(pentadecafluoroheptyl)sulfonyl]-, potassium salt","67584-62-7"
"0067905195","Perfluoropalmitic acid","67905-19-5"
"0067906427","1-Decanesulfonic acid, 1,1,2,2,3,3,4,4,5,5,6,6,7,7,8,8,9,9,10,10,10-heneicosafluoro-, ammonium salt","67906-42-7"
"0067969691","1-Octanesulfonamide, N-ethyl-1,1,2,2,3,3,4,4,5,5,6,6,7,7,8,8,8-heptadecafluoro-N-[2-(phosphonooxy)ethyl]-, diammonium salt","67969-69-1"
"0068084628","2-Propenoic acid, 2- [methyl[(pentadecafluoroheptyl)sulfonyl]amino]ethyl ester","68084-62-8"
"0068140181","Thiols, C4-10, <U+03B3>-<U+03C9>-perfluoro","68140-18-1"
"0068140205","Thiols, C6-12, <U+03B3>-<U+03C9>-perfluoro","68140-20-5"
"0068140216","Thiols, C10-20, <U+03B3>-<U+03C9>-perfluoro","68140-21-6"
"0068141026","Chromium(III) perfluorooctanoate","68141-02-6"
"0068156014","Cyclohexanesulfonic acid, nonafluorobis(trifluoromethyl)-, potassium salt","68156-01-4"
"0068156070","Cyclohexanesulfonic acid, decafluoro(trifluoromethyl)-, potassium salt","68156-07-0"
"0068187257","Butanoic acid, 4-[[3-(dimethylamino)propyl]amino]-4-oxo-, 2(or 3)-[(<U+03B3>-<U+03C9>-perfluoro-C6-20-alkyl)thio] derivs.","68187-25-7"
"0068187473","1-Propanesulfonic acid, 2-methyl-, 2-[[1-oxo-3-[(<U+03B3>-<U+03C9>-perfluoro-C4-16-alkyl)thio]propyl]amino] derivs., sodium salts","68187-47-3"
"0068188125","Alkyl iodides, C4-20, <U+03B3>-<U+03C9>-perfluoro","68188-12-5"
"0068227963","2-Propenoic acid, butyl ester, telomer with 2-[[(heptadecafluorooctyl)sulfonyl]methylamino]ethyl 2-propenoate, 2-[methyl[(nonafluorobutyl)sulfonyl]amino]ethyl 2-propenoate, <U+03B1>-(2-methyl-1-oxo-2-propenyl)-<U+03C9>-hydroxypoly(oxy-1,4-butanediyl), <U+03B1>-(2-methyl-1-oxo-2-propenyl)-<U+03C9>-[(2-methyl-1-oxo-2-propenyl)oxy]poly(oxy-1,4-butanediyl), 2-[methyl[(pentadecafluoroheptyl)sulfonyl]amino]ethyl 2-propenoate, 2-[methyl[(tridecafluorohexyl)sulfonyl]amino]ethyl 2-propenoate, 2-[methyl[(undecafluoropentyl)sulfonyl]amino]ethyl 2-propenoate and 1-octanethiol","68227-96-3"
"0068239430","2-Propenoic acid, 2-methyl-, 2-ethylhexyl ester, polymer with <U+03B1>-fluoro-<U+03C9>-[2-[(2-methyl-1-oxo-2-propen-1-yl)oxy]ethyl]poly(difluoromethylene), 2-hydroxyethyl 2-methyl-2-propenoate and N-(hydroxymethyl)-2-propenamide","68239-43-0"
"0068259074","1-Heptanesulfonic acid, 1,1,2,2,3,3,4,4,5,5,6,6,7,7,7-pentadecafluoro-, ammonium salt","68259-07-4"
"0068259085","1-Hexanesulfonic acid, 1,1,2,2,3,3,4,4,5,5,6,6,6-tridecafluoro-, ammonium salt","68259-08-5"
"0068259096","1-Pentanesulfonic acid, 1,1,2,2,3,3,4,4,5,5,5-undecafluoro-, ammonium salt","68259-09-6"
"0068259381","Poly[oxy(methyl-1,2-ethanediyl)], <U+03B1>-[2-[ethyl[(tridecafluorohexyl)sulfonyl]amino]ethyl]-<U+03C9>-hydroxy-","68259-38-1"
"0068259392","Poly[oxy(methyl-1,2-ethanediyl)], <U+03B1>-[2-[ethyl[(pentadecafluoroheptyl)sulfonyl]amino]ethyl]-<U+03C9>-hydroxy-","68259-39-2"
"0068298624","2-Propenoic acid, 2-[butyl[(heptadecafluorooctyl)sulfonyl]amino]ethyl ester, telomer with 2-[butyl[(pentadecafluoroheptyl)sulfonyl]amino]ethyl 2-propenoate, methyloxirane polymer with oxirane di-2-propenoate, methyloxirane polymer with oxirane mono-2-propenoate and 1-octanethiol","68298-62-4"
"0068298806","Poly(oxy-1,2-ethanediyl), <U+03B1>-[2-[ethyl[(undecafluoropentyl)sulfonyl]amino]ethyl]-<U+03C9>-hydroxy-","68298-80-6"
"0068298817","Poly(oxy-1,2-ethanediyl), <U+03B1>-[2-[ethyl[(pentadecafluoroheptyl)sulfonyl]amino]ethyl]-<U+03C9>-hydroxy-","68298-81-7"
"0068310178","Poly[oxy(methyl-1,2-ethanediyl)], <U+03B1>-[2-[ethyl[(undecafluoropentyl)sulfonyl]amino]ethyl]-<U+03C9>-hydroxy-","68310-17-8"
"0068391082","Alcohols, C8-14, <U+03B3>-<U+03C9>-perfluoro","68391-08-2"
"0068412680","Phosphonic acid, perfluoro-C6-12-alkyl derivs.","68412-68-0"
"0068412691","Phosphinic acid, bis(perfluoro-C6-12-alkyl) derivs.","68412-69-1"
"0068515628","1,4-Benzenedicarboxylic acid, dimethyl ester, reaction products with bis(2-hydroxyethyl)terephthalate, ethylene glycol, <U+03B1>-fluoro-<U+03C9>-(2-hydroxyethyl)poly(difluoromethylene), hexakis(methoxymethyl)melamine and polyethylene glycol","68515-62-8"
"0068555748","1-Pentanesulfonamide, 1,1,2,2,3,3,4,4,5,5,5-undecafluoro-N-(2- hydroxyethyl)-N-methyl-","68555-74-8"
"0068555759","1-Hexanesulfonamide, 1,1,2,2,3,3,4,4,5,5,6,6,6-tridecafluoro-N-(2- hydroxyethyl)-N-methyl-","68555-75-9"
"0068555760","1-Heptanesulfonamide, 1,1,2,2,3,3,4,4,5,5,6,6,7,7,7-pentadecafluoro-N-(2-hydroxyethyl)-N-methyl-","68555-76-0"
"0068555817","1-Propanaminium, N,N,N-trimethyl-3-[[(pentadecafluoroheptyl)sulfonyl]amino]-, chloride","68555-81-7"
"0068555919","2-Propenoic acid, 2-methyl-, 2-[ethyl[(heptadecafluorooctyl)sulfonyl]amino]ethyl ester, polymer with 2-[ethyl[(nonafluorobutyl)sulfonyl]amino]ethyl-methyl-2-propenoate, 2-[ethyl[(pentadecafluoroheptyl)sulfonyl]amino]ethyl 2-methyl-2-propenoate, 2-[ethyl[(tridecafluorohexyl)sulfonyl]amino]ethyl 2-methyl- 2-propenoate, 2-[ethyl[(undecafluoropentyl)sulfonyl]amino]ethyl 2-methyl-2-propenoate and octadecyl 2-methyl-2-propenoate","68555-91-9"
"0068758576","1-Tetradecanesulfonyl chloride, 3,3,4,4,5,5,6,6,7,7,8,8,9,9,10,10,11,11,12,12,13,13,14,14,14-pentacosafluoro-","68758-57-6"
"0068867607","2-Propenoic acid, 2-[[(heptadecafluorooctyl)sulfonyl]methylamino]ethyl ester, polymer with 2-[methyl[(nonafluorobutyl)sulfonyl]amino]ethyl 2-propenoate, 2-[methyl[(pentadecafluoroheptyl)sulfonyl]amino]ethyl 2-propenoate, 2-[methyl[(tridecafluorohexyl)sulfonyl]amino]ethyl 2-propenoate, 2-[methyl[(undecafluoropentyl)sulfonyl]amino]ethyl 2-propenoate and <U+03B1>-(1-oxo-2-propenyl)-<U+03C9>-methoxypoly(oxy-1,2-ethanediyl)","68867-60-7"
"0068957551","1-Propanaminium, N,N,N-trimethyl-3-[[(undecafluoropentyl)sulfonyl]amino]-, chloride","68957-55-1"
"0068957573","1-Propanaminium, N,N,N-trimethyl-3-[[(undecafluoropentyl)sulfonyl]amino]-, iodide","68957-57-3"
"0068957584","1-Propanaminium, N,N,N-trimethyl-3-[[(tridecafluorohexyl)sulfonyl]amino]-, iodide","68957-58-4"
"0068957620","1-Heptanesulfonamide, N-ethyl-1,1,2,2,3,3,4,4,5,5,6,6,7,7,7-pentadecafluoro-","68957-62-0"
"0068958601","Poly(oxy-1,2-ethanediyl), <U+03B1>-[2-[ethyl[(pentadecafluoroheptyl)sulfonyl]amino]ethyl]-<U+03C9>-methoxy-","68958-60-1"
"0068958612","Poly(oxy-1,2-ethanediyl), <U+03B1>-[2-[ethyl[(heptadecafluorooctyl)sulfonyl]amino]ethyl]-<U+03C9>-methoxy-","68958-61-2"
"0070225148","1-Octanesulfonic acid, 1,1,2,2,3,3,4,4,5,5,6,6,7,7,8,8,8-heptadecafluoro-, compd. with 2,2'-iminobis[ethanol] (1:1)","70225-14-8"
"0070225159","1-Heptanesulfonic acid, 1,1,2,2,3,3,4,4,5,5,6,6,7,7,7-pentadecafluoro-, compd. with 2,2'-iminobis[ethanol] (1:1)","70225-15-9"
"0070225160","1-Hexanesulfonic acid, 1,1,2,2,3,3,4,4,5,5,6,6,6-tridecafluoro-, compd. with 2,2'-iminobis[ethanol] (1:1)","70225-16-0"
"0070225171","1-Pentanesulfonic acid, 1,1,2,2,3,3,4,4,5,5,5-undecafluoro-, compd. with 2,2'-iminobis[ethanol] (1:1)","70225-17-1"
"0070969470","Thiols, C8-20, <U+03B3>-<U+03C9>-perfluoro, telomers with acrylamide","70969-47-0"
"0070983594","Poly(oxy-1,2-ethanediyl), <U+03B1>-methyl-<U+03C9>-hydroxy-, 2-hydroxy-3-[(<U+03B3>-<U+03C9>-perfluoro-C6-20-alkyl)thio]propyl ethers","70983-59-4"
"0070983607","1-Propanaminium, 2-hydroxy-N,N,N-trimethyl-, 3-[(<U+03B3>-<U+03C9>-perfluoro-C6-20-alkyl)thio] derivs., chlorides","70983-60-7"
"0071608601","Pentanoic acid, 4,4-bis[(<U+03B3>-<U+03C9>-perfluoro-C8-20-alkyl)thio] derivs.","71608-60-1"
"0072623779","Fatty acids, C6-18, perfluoro, ammonium salts","72623-77-9"
"0072968388","Fatty acids, C7-13, perfluoro, ammonium salts","72968-38-8"
"0074499448","Phosphoric acid, <U+03B3>-<U+03C9>-perfluoro-C8-16-alkyl esters, compds. with diethanolamine","74499-44-8"
"0078560448","Silane, trichloro(3,3,4,4,5,5,6,6,7,7,8,8,9,9,10,10,10-heptadecafluorodecyl)-","78560-44-8"
"0080010373","Poly(difluoromethylene), <U+03B1>-fluoro-<U+03C9>-[2-sulphoethyl)-","80010-37-3"
"0082113653","1,1,1-Trifluoro-N-[(trifluoromethyl)sulfonyl] methanesulfonamide (TFSI)","82113-65-3"
"0083048651","Silane, (3,3,4,4,5,5,6,6,7,7,8,8,9,9,10,10,10-heptadecafluorodecyl)trimethoxy-","83048-65-1"
"0090076656","Lithium bis[(trifluoromethyl)sulfonyl] azanide","90076-65-6"
"0095144120","Poly(difluoromethylene), <U+03B1>-fluoro-<U+03C9>-[2-(phosphonooxy)ethyl]-, ammonium salt","95144-12-0"
"0097553952","Thiocyanic acid, <U+03B3>-<U+03C9>-perfluoro-C4-20-alkyl esters","97553-95-2"
"0097659477","Alkenes, C8-14 <U+03B1>-, d-<U+03C9>-perfluoro","97659-47-7"
"0118400718","Disulfides, bis(<U+03B3>-<U+03C9>-perfluoro-C6-20-alkyl)","118400-71-8"
"0123171686","Poly(difluoromethylene), <U+03B1>-[2-(acetyloxy)-3-[(carboxymethyl)dimethylammonio]propyl]-<U+03C9>-fluoro-, inner salt","123171-68-6"
"0125476713","Silicic acid (H4SiO4), disodium salt, reaction products with chlorotrimethylsilane and 3,3,4,4,5,5,6,6,7,7,8,8,9,9,10,10,10- heptadecafluoro-1-decanol","125476-71-3"
"0135228603","Hexane, 1,6-diisocyanato-, homopolymer, <U+03B3>-<U+03C9>-perfluoro-C6-20-alc.-blocked","135228-60-3"
"0142636882","2-Propenoic acid, 2-methyl-, octadecyl ester, polymer with 3,3,4,4,5,5,6,6,7,7,8,8,9,9,10,10,11,11,12,12,12-heneicosafluorododecyl 2-propenoate, 3,3,4,4,5,5,6,6,7,7,8,8,9,9,10,10,10-heptadecafluorodecyl 2-propenoate and 3,3,4,4,5,5,6,6,7,7,8,8,9,9,10,10,11,11,12,12,13,13,14,14,14-pentacosafluorotetradecyl 2-propenoate","142636-88-2"
"0143372547","Siloxanes and Silicones, (3,3,4,4,5,5,6,6,7,7,8,8,9,9,10,10,10-heptadecafluorodecyl)oxy Me, hydroxy Me, Me octyl, ethers with polyethylene glycol mono-Me ether","143372-54-7"
"0148240851","1,3-Propanediol, 2,2-bis[[(<U+03B3>-<U+03C9>-perfluoro-C4-10-alkyl)thio]methyl] derivs., phosphates, ammonium salts","148240-85-1"
"0148240873","1,3-Propanediol, 2,2-bis[[(<U+03B3>-<U+03C9>-perfluoro-C6-12-alkyl)thio]methyl] derivs., phosphates, ammonium salts","148240-87-3"
"0148240895","1,3-Propanediol, 2,2-bis[[(<U+03B3>-<U+03C9>-perfluoro-C10-20-alkyl)thio]methyl] derivs., phosphates, ammonium salts","148240-89-5"
"0150135572","2-Propenoic acid, 2-methyl-, 2-(dimethylamino)ethyl ester, polymers with Bu acrylate, <U+03B3>-<U+03C9>-perfluoro-C8-14-alkyl acrylate and polyethylene glycol monomethacrylate, 2,2'-azobis[2,4-dimethylpentanenitrile]-initiated","150135-57-2"
"0178094694","1-Octanesulfonamide, N-[3-(dimethyloxidoamino)propyl]-1,1,2,2,3,3,4,4,5,5,6,6,7,7,8,8,8-heptadecafluoro-, potassium salt","178094-69-4"
"0178535234","Fatty acids, linseed-oil, <U+03B3>-<U+03C9>-perfluoro-C8-14-alkyl esters","178535-23-4"
"0180582790","Sulfonic acids, C6-12-alkane, <U+03B3>-<U+03C9>-perfluoro, ammonium salts","180582-79-0"
"0182176529","Ethaneperoxoic acid, reaction products with 3,3,4,4,5,5,6,6,7,7,8,8,9,9,10,10,10-heptadecafluorodecyl thiocyanate and 3,3,4,4,5,5,6,6,7,7,8,8,8-tridecafluorooctyl thiocyanate","182176-52-9"
"0196316344","2-Propenoic acid, 2-methyl-, 2-(dimethylamino)ethyl ester, polymers with <U+03B3>-<U+03C9>-perfluoro-C10-16-alkyl acrylate and vinyl acetate, acetates","196316-34-4"
"0200513424","2-Propenoic acid, 2-methyl-, polymer with butyl 2-methyl-2-propenoate, 3,3,4,4,5,5,6,6,7,7,8,8,9,9,10,10,10-heptadecafluorodecyl 2-propenoate, 2-hydroxyethyl 2-methyl-2-propenoate and methyl 2-methyl-2-propenoate","200513-42-4"
"0203743037","2-Propenoic acid, 2-methyl-, hexadecyl ester, polymers with 2-hydroxyethyl methacrylate, <U+03B3>-<U+03C9>-perfluoro-C10-16-alkyl acrylate and stearyl methacrylate","203743-03-7"
"0238420683","Propanedioic acid, mono(<U+03B3>-<U+03C9>-perfluoro-C8-12-alkyl) derivs., di-me esters","238420-68-3"
"0238420809","Propanedioic acid, mono(<U+03B3>-<U+03C9>-perfluoro-C8-12-alkyl) derivs., bis[4-(ethenyloxy)butyl] esters","238420-80-9"
"1078142105","1,3-Propanediol, 2,2-bis[[(<U+03B3>-<U+03C9>-perfluoro-C6-12-alkyl)thio]methyl] derivs., polymers with 2,2-bis[[(<U+03B3>-<U+03C9>-perfluoro-C10-20-alkyl)thio]methyl]-1,3-propanediol, 1,6-diisocyanato-2,2,4(or 2,4,4)-trimethylhexane, 2-heptyl-3,4-bis(9-isocyanatononyl)-1-pentylcyclohexane and 2,2'-(methylimino)bis[ethanol]","1078142-10-5"
"1078712885","Thiols, C4-20, <U+03B3>-<U+03C9>-perfluoro, telomers with acrylamide and acrylic acid, sodium salts","1078712-88-5"
"1078715613","1-Propanaminium, 3-amino-N-(carboxymethyl)-N,N-dimethyl-, N-[2-[(<U+03B3>-<U+03C9>-perfluoro-C4-20-alkyl)thio]acetyl] derivs., inner salts","1078715-61-3"
"2728655421","Alcohols, C8-16, <U+03B3>-<U+03C9>-perfluoro, reaction products with 1,6-diisocyanatohexane, glycidol and stearyl alc.","2728655-42-1"
"2738952617","Acetamide, N-[3-(dimethylamino)propyl], 2[(<U+03B3>-<U+03C9>-perfluoro-C4-20-alkyl)thio] derivs.","2738952-61-7"
"2742694364","Acetamide, N-(2-aminoethyl), 2[(<U+03B3>-<U+03C9>-perfluoro-C4-20-alkyl)thio] derivs., polymers with N1,N1-dimethyl-1,3-propanediamine, epichlorohydrin and ethylenediamine, oxidized","2742694-36-4"
"2744262095","Acetic acid, 2-[(<U+03B3>-<U+03C9>-perfluoro-C4-20-alkyl)thio] derivs., 2-hydroxypropyl esters","2744262-09-5"
"2816091537","Betaines, dimethyl(<U+03B3>-<U+03C9>-perfluoro-<U+03B3>-hydro-C8-18-alkyl)","2816091-53-7"
