criterion,direction,score,rationale
Exposure data quality,A,Low-Medium,"Still relies on the same UCMR5/ZIP-to-ZCTA proxy identified in Phase 1 as the core weakness; no new exposure layer is required to add PLACES-family outcomes, so this direction does not by itself fix the acknowledged limitation."
Exposure data quality,B,Medium-High,"Brings in genuinely new, facility-level source-pressure data (TRI, EPA PFAS Analytic Tools bundle, Presumptive Contamination Site Tracker, CWNS, Superfund, DoD) that is more spatially precise than the PWS/ZIP proxy, though it measures pressure/likelihood rather than concentration."
Exposure data quality,C,High,Directly interrogates the exposure-assignment problem itself using data already in hand (Phase 1 UCMR5/SDWIS) plus a population/area-weighted crosswalk - the most direct fix to the diagnosed limitation.
Spatial coverage / support,A,High (PLACES-family) / Low (birth outcomes),"PLACES-family outcomes reuse the exact 1,223-ZCTA Phase 1 sample. Birth outcomes collapse to ~254 TX counties, a much smaller and coarser spatial support."
Spatial coverage / support,B,High,"TRI, CWNS, Superfund, and the Presumptive Contamination dataset all have statewide TX coverage at facility resolution."
Spatial coverage / support,C,High,"Uses the same 1,223-ZCTA sample; the sensitivity comparison itself does not need new geography, just alternative assignment rules."
Temporal alignment with Phase 1 (2023-2025),A,High (PLACES-family) / Medium (birth outcomes),PLACES-family measures are drawn from the same 2025 release Phase 1 already uses. Birth outcome years are separately negotiable but not a blocker.
Temporal alignment with Phase 1 (2023-2025),B,Medium,"TRI (RY2020+) and DMR (post-2021) partially overlap the Phase 1 window; DoD/Superfund histories are multi-year and pre-date it, which is a feature (cumulative pressure) as much as a limitation."
Temporal alignment with Phase 1 (2023-2025),C,High,Re-analyzes the existing Phase 1 window under alternative assignment rules; no new temporal window to reconcile.
Exposure contrast available,A,Low,Adding outcomes does nothing to fix Phase 1's diagnosed problem of limited exposure contrast (19 MCL-exceedance ZCTAs statewide).
Exposure contrast available,B,Medium-High,"Facility-level source-pressure variables (e.g. presence/count of AFFF sites, TRI release volume) create a genuinely different, more continuous contrast than the sparse MCL-exceedance flag."
Exposure contrast available,C,Medium,"Does not add contrast on its own, but reveals how much of the apparent contrast in Phase 1 is a construction artifact of the ZIP-to-ZCTA assignment rather than real variation."
Outcome data availability / quality,A,High (PLACES-family) / Low (birth outcomes),"Cholesterol/CHD/stroke are in the exact same CDC PLACES file already integrated. Birth outcomes exist only at county resolution with suppression, and SGA is not a confirmed public aggregate at all."
Outcome data availability / quality,B,N/A,Direction B does not use a health outcome as its dependent variable - it explains exposure geography itself.
Outcome data availability / quality,C,N/A,Direction C does not require a new outcome - it re-uses Phase 1's three PLACES outcomes to test assignment sensitivity.
Biological interpretability,A,High,"Cholesterol, CHD, stroke, and birth outcomes all have credible, literature-supported PFAS mechanisms; this is the most biologically motivated direction."
Biological interpretability,B,Medium,"Source-pressure variables are interpretable as exposure determinants, but are one step removed from a health-relevant biological pathway."
Biological interpretability,C,N/A,"A methods question, not a biological one - it strengthens interpretability of any future biological claim rather than making one itself."
Geographic linkage quality,A,High (PLACES-family) / Low (birth outcomes),"PLACES-family reuses Phase 1's exact linkage chain. Birth outcomes require a new, coarser county-level linkage that breaks compatibility with the ZCTA design."
Geographic linkage quality,B,High,Facility point data joins cleanly to ZCTA/PWS by spatial overlay - no new administrative-boundary mismatch problem.
Geographic linkage quality,C,High,"The linkage chain itself is the object of study, evaluated systematically rather than assumed."
Methodological defensibility,A,Medium,"Straightforward and low-risk, but does not address the Phase 1 finding that model specification (not outcome choice) drives most of the instability seen so far."
Methodological defensibility,B,Medium-High,"Requires care to keep source-pressure variables clearly labeled as pressure/likelihood, not measured exposure - defensible if that distinction is maintained throughout."
Methodological defensibility,C,High,"Directly operationalizes Phase 1's own stated lesson (""improve exposure characterization before increasing model complexity"") and produces a transparent, quantified sensitivity result either way it comes out."
Novelty / contribution,A,Low-Medium,"Same outcome family, same design - useful supporting evidence but not a new methodological or substantive contribution."
Novelty / contribution,B,Medium-High,"A genuine source-attribution contribution: explaining the spatial pattern Phase 1 already documented, which several APHA attendees would find directly useful for their own work."
Novelty / contribution,C,High,"A specific, quantified answer to a question (how sensitive is PFAS-health epidemiology to service-area assignment?) that generalizes well beyond this one project - the most exportable methodological contribution."
Feasibility before the APHA presentation,A,High (PLACES-family) / Low (birth outcomes),PLACES-family outcomes can be added by re-running the existing Phase 1 pipeline with 3 extra columns - essentially free. Birth outcomes would require a parallel county-level pipeline - not realistic before APHA.
Feasibility before the APHA presentation,B,Medium,"TRI and CWNS are clean, fast pulls; the Presumptive Contamination dataset's downloadability is unconfirmed and DoD data needs manual PDF extraction - a scoped subset (TRI + CWNS + Superfund) is feasible before APHA, the full source-attribution study is not."
Feasibility before the APHA presentation,C,Medium-High,A first sensitivity comparison (e.g. exact-ZIP vs. population-weighted crosswalk vs. one manually-digitized PWS service area as a case study) is achievable with data already on hand; a full multi-method comparison across all listed alternatives is not.
Contribution to the APHA PFAS session narrative,A,Medium,"Reinforces the Phase 1 finding (weak, unstable ecological associations) across more outcomes - supporting evidence for the talk, not the headline."
Contribution to the APHA PFAS session narrative,B,High,"Gives the talk a concrete answer to ""what explains the spatial pattern you found?"" - a natural, compelling second half after the Phase 1 narrative."
Contribution to the APHA PFAS session narrative,C,High,Gives the talk its methodological punchline: quantifies exactly how much of the Phase 1 result depends on an assumption everyone in the room will recognize as shaky.
OVERALL RECOMMENDATION,A,SECONDARY,"Pursue only the low-cost PLACES-family expansion (cholesterol, CHD, stroke) as supporting evidence using the existing pipeline; explicitly defer birth outcomes (Direction A's more novel variant) past the APHA meeting because of the county/ZCTA geographic mismatch."
OVERALL RECOMMENDATION,B,SECONDARY / PARALLEL,"Pursue a scoped version (TRI + CWNS + Superfund, all clean and fast) as the source-attribution narrative and as an input to Direction C's sensitivity tests; treat the Presumptive Contamination dataset and DoD PDF reports as stretch goals, not requirements, before APHA."
OVERALL RECOMMENDATION,C,PRIMARY,"Adopt as the primary Phase 2 research direction for the APHA presentation: it uses only data already in hand, most directly answers Phase 1's own stated lesson, and produces a clear, quantified, exportable result regardless of which way the sensitivity analysis comes out. Directions A (PLACES-family) and B (TRI/CWNS/Superfund) are the supporting acts."
