dataset_name,provider,url,public_access,geographic_coverage,texas_coverage,years_available,temporal_frequency,spatial_unit,data_form,pfas_compounds,units,detection_limits_censoring,sample_size,sampling_design,measured_or_modeled,historical_data,linkage_unit,temporal_compatibility_with_phase1,spatial_compatibility_with_zcta_pws,exposure_pathway,major_limitations,retain_decision
EPA UCMR 5 (drinking water),US EPA,https://www.epa.gov/dwucmr,yes - no key,National,"1,154-1,223 TX PWS already integrated (Phase 1)",2023-2025 (rolling; reposted quarterly),every 4 months per PWS (2-4 events),Public Water System (entry point / sample point),point,29 PFAS,ug/L,<MRL flagged; 96% of TX results non-detect,~226k TX analyte results,census of large PWS + representative sample of small PWS,measured,no (first UCMR round to include most of these 29 compounds),PWSID -> ZIP served -> ZCTA (many-to-many; Phase 1's core limitation),baseline,baseline (already the Phase 1 exposure layer),drinking water,Small/rural systems under-represented; ZIP-served list is not a service-area polygon (Phase 1 Limitation 1),RETAIN - already integrated (Phase 1 baseline)
EPA SDWIS / SDWA (PWS characteristics),US EPA (Envirofacts),https://echo.epa.gov/tools/data-downloads,yes - no key,National,1154/1154 TX UCMR5 systems matched (Phase 1),current (snapshot at retrieval),updated continuously; snapshot,Public Water System,point + attribute table,n/a (metadata not PFAS),n/a,n/a,~10.3k US systems (all UCMR5 systems),census of regulated PWS,measured (administrative),yes (historical ownership/source-type changes not retained in a single pull),PWSID,baseline,baseline (already the Phase 1 linkage layer),n/a (context: source type/population served),"Population served is a system total, not the population inside one served ZCTA (Phase 1 Limitation 4)",RETAIN - already integrated (Phase 1 baseline)
USGS PFAS National Tapwater Reconnaissance (2016-2022),USGS,https://www.sciencebase.gov/catalog/item/62a34f18d34ec53d2770baf6,yes - no key,National (contiguous US + AK/HI/PR/USVI),TX subset not yet extracted - likely single digits to low tens of the 716 national sites (needs a direct pull to confirm),"single round, 2016-2021 field collection (published 2022-23)",one-time (not repeated per site),well / tap,point,34 PFAS analytes,ng/L,MRL reported per analyte; censored below MRL,"716 sites nationally (269 private well, 447 public supply)","non-probabilistic reconnaissance, not a designed statistical sample of TX",measured,no (single round),lat/lon point -> would need manual ZCTA spatial join,overlaps Phase 1 UCMR5 period,point data; several orders of magnitude too sparse in TX alone for a ZCTA-level design,drinking water (tap) - convergent evidence check,Too few TX points for a standalone TX analysis; useful only as a validation/triangulation check on UCMR5-based exposure in the handful of TX ZCTAs it happens to cover,"RETAIN-SECONDARY (validation only, not a primary layer)"
USGS PFAS Community-Science Tapwater Dataset (2023-2024),USGS,https://www.sciencebase.gov/catalog/item/63c6fdcad34e92aad3d120fe,yes - no key,National,not yet checked for TX participants (likely very few of 84 national sites),July 2023-Oct 2024,one-time volunteer collection,private residence,point,PFAS panel (volunteer kit),ng/L,MRL reported,84 private residences nationally,"self-selected volunteers, not a probability sample",measured,no,lat/lon point,overlaps Phase 1 period,too sparse / self-selected,drinking water (private well emphasis),Self-selection bias; almost certainly 0-2 TX sites; not usable for TX inference,EXCLUDE (for TX; monitor for future rounds)
EPA Water Quality Portal (WQP),USGS/EPA (400+ contributing agencies),https://www.waterqualitydata.us/,yes - no key; bulk CSV/TSV/KML download,National,not yet extracted - requires a TX + PFAS characteristic-group query,varies by contributing station (multi-decade for some NWIS sites; PFAS analytes mostly post-2015),irregular / opportunistic per station,"monitoring station (surface water, groundwater, some sediment/tissue)",point,varies by contributing lab,varies (mostly ng/L or ug/L),varies by lab/agency; not harmonized,unknown until queried,opportunistic aggregation of many agencies' existing programs - not a designed survey,measured,"yes for some legacy NWIS stations, no for most PFAS records",station ID with lat/lon -> manual ZCTA join,heterogeneous - many stations predate Phase 1 window,point data; would need spatial join like the USGS reconnaissance above,"surface water + groundwater (ambient environmental media, not tap)",Highly heterogeneous QA/QC across contributors; sparse and clustered near known investigation sites rather than representative of Texas broadly,RETAIN-SECONDARY (surface/groundwater triangulation layer; query before committing)
EPA TRI (Toxics Release Inventory) - PFAS chemicals,US EPA,https://www.epa.gov/toxics-release-inventory-tri-program,yes - no key; bulk download + Envirofacts,National,"not yet extracted (national: 61 facilities reported PFAS in RY2023, per EPA)",RY2020-present (172 PFAS added under NDAA; +9 more in 2023; +7 more from RY2024),annual,facility (industrial/federal only; self-reported),point,up to ~200 PFAS chemicals now reportable,lb/year released or transferred,"n/a (release quantities, not concentrations)",n/a - facility census (only facilities above reporting thresholds),mandatory self-report by facilities meeting thresholds,measured/reported (self-reported estimates),"yes, RY2020 onward",facility lat/lon (exact addressable point),new window (RY2020+) vs UCMR5's 2023-2025 - partial overlap,facility point -> straightforward spatial join to ZCTA/buffer,"source-pressure proxy (air/water/land release quantity), not ambient concentration",Only large qualifying facilities report; many diffuse/legacy sources (old AFFF use) are not captured; reporting thresholds may exclude smaller emitters,RETAIN (facility-level source-pressure layer for Direction B/C)
EPA National PFAS Analytic Tools / ECHO National PFAS Datasets (aggregator),US EPA (ECHO),https://echo.epa.gov/trends/pfas-tools ; https://awsedap.epa.gov/public/extensions/PFAS_Tools/PFAS_Tools.html,yes - no key; ECHO Data Downloads page has bulk files,National,not yet extracted,varies by underlying source (bundles UCMR/state DW/CDR/WQP/NPDES-DMR/Superfund/Federal Sites/TRI/RCRA/AFFF spills/GHGRP - 12 categories total),varies by underlying source,facility / PWS / monitoring site (mixed),mixed (point + polygon),n/a (meta-aggregator),n/a (varies),n/a (varies by source),n/a (varies by source),"measured + reported (mixed, inherits underlying sources)",mixed,yes (varies),facility or PWS ID depending on layer,varies by layer,facility/point layers -> spatial join; PWS layers -> same PWS linkage as Phase 1,multiple (drinking water + discharge + release + federal-site investigation),"A convenience aggregator, not a new primary source - but likely the single most efficient starting point for Direction B/C since it pre-bundles federal sites, TRI, Superfund and AFFF-spill data with a documented public metadata PDF",RETAIN (highest-priority next check - see decision log)
EPA NPDES / DMR (ECHO Effluent / Loading Tool),US EPA (ECHO),https://echo.epa.gov/tools/data-downloads/icis-npdes-dmr-and-limit-data-set,yes - no key; bulk XLSX/CSV per facility or national,National,not yet extracted,"2007-present nominally, but PFAS-specific monitoring requirements only became common in permits after ~2021-2022 EPA guidance",per permit monitoring schedule (varies),permitted outfall (facility-level),point,PFAS as a pollutant group (varies by permit),varies by permit (often ng/L or ug/L),permit-specific,n/a - permit census (only permits required to monitor PFAS),mandatory for permits with a PFAS monitoring requirement,measured,limited pre-2021; growing post-2021,permit/facility ID with lat/lon,"mostly post-2021, overlaps Phase 1 window",facility point -> spatial join,wastewater discharge (point-source),Coverage is sparse and recent - most TX permits do not yet have a PFAS monitoring requirement; where present it is real measured discharge data,RETAIN-SECONDARY (check TX facility count before relying on it)
DoD PFAS installation investigations,US Department of Defense,https://www.acq.osd.mil/eie/eer/ecc/pfas/map/pfasmap.html,yes (map + PDF reports); no bulk structured file found,National (DoD installations),"5 TX installations identified in initial search: Dyess AFB, Laughlin AFB, Sheppard AFB, Goodfellow AFB, JBSA (Lackland/Randolph) - full TX list not yet compiled","ongoing (remedial investigation phases, 2016-present)",irregular (per investigation phase),installation / individual well,point,PFOS + PFOA primarily (historically); newer testing broader,ppt (ng/L),EPA health-advisory thresholds used as action levels (historically 70 ppt),varies by installation (dozens of wells at some sites),targeted investigation near known AFFF-use areas (not random),measured,"yes, multi-year investigation timelines per site",installation name / well ID -> manual geocoding,overlaps and extends before Phase 1 window,"point/installation-level - very precise locally, but only covers a handful of TX sites, not a surface",groundwater / drinking water near AFFF-use areas,"Data exists mainly as narrative PDF reports (GAO, OSD, base-level fact sheets), not a clean structured download; levels found are dramatically higher than typical UCMR5 drinking-water results (e.g. JBSA Lackland groundwater ~680,000 ppt vs UCMR5's TX MCL-exceedance set of 19 ZCTAs) - illustrates the exposure-characterization gap directly",RETAIN-SECONDARY (compelling illustrative case studies; extraction is manual/labor-intensive)
Northeastern PFAS Project Lab - Known + Presumptive Contamination Site Tracker (2025 update),Northeastern University / Silent Spring Institute / PFAS-REACH,https://pfasproject.com/pfas-sites-and-community-resources/,yes (interactive ArcGIS map); bulk download availability not confirmed,National,not yet extracted,"2022 (Salvatore et al., 57,412 sites) superseded by 2025 update (2,200 known + 79,891 presumptive sites)",periodic update (not real-time),facility/site,point,"n/a (site classification, not concentration)",n/a,n/a,"79,891 presumptive sites nationally: ~53% industrial, ~42% waste management, ~3% military, ~1% AFFF/airport",systematic classification by facility type / likely PFAS use (not sampling-based),modeled/inferred (presumptive) + some measured (known sites),"yes, tracks known-contamination sites historically",facility point -> spatial join,current,facility point -> spatial join to ZCTA/buffer,"multi-pathway (industrial discharge, landfill leachate, AFFF, airport)","Presumptive sites are inferred from facility type/SIC codes, not measured contamination - a strong SOURCE-PRESSURE layer but not an exposure-concentration layer; bulk CSV access needs a direct request to the research team",RETAIN-SECONDARY (best available single source-pressure surface; confirm downloadability before committing)
EPA Superfund National Priorities List (NPL) - Texas sites,US EPA,https://www.epa.gov/superfund/national-priorities-list-npl-sites-state,"yes - no key; CSV via EPA ""Where You Live"" + third-party mirrors with coordinates",National,~50-55 active/former Texas NPL sites (news-reported count; exact current EPA count not yet pulled),varies by site (some sites listed since 1980s),n/a (site status updated periodically),facility/site,polygon or point,"not all sites PFAS-specific - requires cross-referencing individual site records (PFOA/PFOS became CERCLA hazardous substances in 2024, so this flag is not yet a clean queryable field)",n/a,n/a,n/a - full census of NPL sites,"measured (investigation-driven, site by site)",measured,yes (multi-decade in many cases),site ID with lat/lon,partial overlap,site point -> spatial join,"legacy contamination (varies: groundwater, soil, historically often not PFAS-specific until recently)",PFAS flag requires manual cross-reference of individual Records of Decision; only a subset of the ~50-55 TX sites will actually be PFAS-relevant,RETAIN-SECONDARY (context layer; needs manual PFAS-relevance screening)
EPA Clean Watersheds Needs Survey (CWNS) + National Sewershed Dataset,US EPA,https://www.epa.gov/cwns/clean-watersheds-needs-survey-cwns-2022-report-and-data,yes - no key; CSV/Access DB per state + GIS sewershed shapefiles,National,not yet extracted (straightforward - state-filterable),2022 report (surveys conducted periodically since 1984),every ~4 years,"POTW facility + sewershed (~17,000 POTWs nationally)",point + polygon,"n/a (facility inventory, not PFAS-specific)",n/a,n/a,n/a - census of POTWs,census (all publicly-owned treatment works),measured (administrative/engineering survey),"yes, back to 1984 for comparison",facility ID with lat/lon + sewershed polygon,current,facility/polygon -> clean spatial join,"wastewater / biosolids (pathway proxy, not a PFAS measurement itself)","Identifies WHERE wastewater treatment / biosolids-application infrastructure is, not whether PFAS is present - a source-pathway layer, needs pairing with TRI or DMR for actual PFAS evidence",RETAIN-SECONDARY (clean geometry for the wastewater/biosolids pathway named in the reply email)
Landfill inventory (EPA LMOP / FRS),US EPA,https://www.epa.gov/lmop/landfill-technical-data,not yet verified in this pass,National,not yet verified in this pass,not yet verified in this pass,not yet verified in this pass,facility (expected),point (expected),n/a,n/a,n/a,n/a,n/a,expected measured/administrative,unknown,facility ID with lat/lon (expected),unknown,expected straightforward spatial join,landfill leachate (pathway proxy),NOT YET VERIFIED - identified as a candidate per the research team's list but not checked in this scoping pass; recommend a follow-up 30-minute check before Phase 2B decision,DEFER - verify before use
TCEQ Texas state PFAS drinking-water program,Texas Commission on Environmental Quality,https://www.tceq.texas.gov/drinkingwater/chemicals/pfas,yes (Texas Drinking Water Viewer),Texas only,Texas only (by definition),"compliance monitoring does not begin until 2027 (EPA rule); 1,117 TX systems already have UCMR5 records 2023-2025 per TCEQ's own count",will be quarterly once compliance monitoring begins (2027+),Public Water System,point,n/a (same PFAS list as UCMR5/EPA MCL rule),ng/L (MCLs: PFOA/PFOS 4 ppt; PFHxS/PFNA/GenX 10 ppt),will follow EPA MCL rule once active,n/a - not yet generating new data,will be a census of TX PWS once active,measured (once active),no (state program has not started independent monitoring yet),PWSID (same as Phase 1),FUTURE - not usable before April 2027,identical to Phase 1's existing PWS/ZCTA linkage,drinking water (same pathway as Phase 1 - not a new layer yet),"State compliance monitoring literally does not exist yet as a distinct dataset from UCMR5 - re-check in 2027+; the ""1,117 vs 1,154"" TX system count discrepancy with Phase 1 is a snapshot-date artifact, not a data-quality issue",EXCLUDE (nothing new yet; monitor for 2027)
Private well PFAS testing (Texas),n/a - no systematic program identified,n/a,no systematic public dataset identified,n/a,none identified beyond the USGS reconnaissance rows above,n/a,n/a,n/a,n/a,n/a,n/a,n/a,n/a,n/a,n/a,n/a,n/a,n/a,n/a,n/a,Texas does not require private-well PFAS testing; no state or federal systematic private-well PFAS dataset exists for TX beyond the sparse USGS reconnaissance points already listed above,EXCLUDE
Soil / sediment PFAS (Texas),n/a - no systematic program identified,n/a,partial (via WQP sediment/tissue records only),n/a,not yet extracted; expected very sparse,n/a,n/a,n/a,n/a,n/a,n/a,n/a,n/a,n/a,n/a,n/a,n/a,n/a,n/a,n/a,"No dedicated national or TX soil/sediment PFAS monitoring program identified; the only public records would be incidental entries within EPA WQP's sediment/tissue characteristic groups, expected to be very sparse for TX",EXCLUDE (for now; re-check within WQP pull)
Ambient PFAS air monitoring / emissions (Texas),n/a - no comprehensive program identified,n/a,partial (TRI air-release quantities only - see TRI row above),n/a,covered by the TRI row above,n/a,n/a,n/a,n/a,n/a,n/a,n/a,n/a,n/a,n/a,n/a,n/a,n/a,n/a,n/a,"No comprehensive ambient PFAS air-monitoring network exists publicly (measured air concentrations, as opposed to self-reported facility release quantities, are essentially unavailable); TRI's air-release-quantity field is the closest public proxy and is already captured above",EXCLUDE (redundant with TRI row)
