outcome,provider,source_dataset,url,geographic_resolution,temporal_resolution,years_available,texas_coverage,sample_size_notes,measured_or_modeled,confidentiality_suppression,biological_relevance_to_pfas,exposure_temporal_compatibility,exposure_geographic_compatibility,already_in_phase1,limitations,retain_decision
Obesity (adult prevalence),CDC,PLACES 2025 release,https://www.cdc.gov/places,ZCTA,annual release (BRFSS 2-yr model),2025 release uses BRFSS 2023,"1,223 ZCTAs (Phase 1 primary sample)","model-based small-area estimate, not a raw count",modeled (MRP small-area estimation),"none at ZCTA level (model-based, not cell-suppressed)",established in prior toxicology/epi literature (mixed evidence),baseline (already Phase 1),baseline (already Phase 1),YES,Crude prevalence only; ecological; already shown to have a weak/unstable association with PFAS in Phase 1,RETAIN - already integrated (Phase 1 baseline)
Diagnosed diabetes (adult prevalence),CDC,PLACES 2025 release,https://www.cdc.gov/places,ZCTA,annual release (BRFSS 2-yr model),2025 release uses BRFSS 2023,"1,223 ZCTAs (Phase 1 primary sample)",model-based small-area estimate,modeled (MRP small-area estimation),none at ZCTA level,established (metabolic pathway),baseline (already Phase 1),baseline (already Phase 1),YES,Crude prevalence only; ecological; negative association attenuates after adjustment but survives spatial models (Phase 1),RETAIN - already integrated (Phase 1 baseline)
High blood pressure / hypertension (adult prevalence),CDC,PLACES 2025 release,https://www.cdc.gov/places,ZCTA,annual release (BRFSS 2-yr model),2025 release uses BRFSS 2023,"1,223 ZCTAs (Phase 1 primary sample)",model-based small-area estimate,modeled (MRP small-area estimation),none at ZCTA level,established (cardiovascular pathway),baseline (already Phase 1),baseline (already Phase 1),YES,Crude prevalence only; ecological; the outcome with the STRONGEST unadjusted correlation in Phase 1 (Spearman -0.47) - the pattern the advisor specifically flagged as interesting,RETAIN - already integrated (Phase 1 baseline)
High cholesterol (adults ever screened),CDC,PLACES 2025 release (same file as above),https://www.cdc.gov/places,ZCTA,annual release (BRFSS 2-yr model),2025 release uses BRFSS 2021 (biennial measure),"same 1,223 ZCTAs - zero new linkage work",model-based small-area estimate,modeled (MRP small-area estimation),none at ZCTA level,directly responsive to the advisor's question; PFAS-cholesterol associations are among the most consistently replicated in the human PFAS literature,baseline (already Phase 1),baseline (already Phase 1) - SAME TABLE Phase 1 already pulls,"NO (but zero-cost to add - same PLACES file, same ZCTA join, same covariates)","Screening-based prevalence (self-reported ever-screened-and-told), not a lipid panel value; still ecological","RETAIN - low-cost, high-relevance addition; directly answers the advisor's cholesterol question"
Coronary heart disease (adult prevalence),CDC,PLACES 2025 release (same file as above),https://www.cdc.gov/places,ZCTA,annual release (BRFSS 2-yr model),2025 release uses BRFSS 2022,"same 1,223 ZCTAs - zero new linkage work",model-based small-area estimate,modeled (MRP small-area estimation),none at ZCTA level,plausible downstream cardiovascular outcome; less directly studied than cholesterol/BP but biologically coherent,baseline (already Phase 1),baseline (already Phase 1) - SAME TABLE,NO (zero-cost to add),Crude prevalence; low event rate could mean wide CIs at some ZCTAs - check *_ci_width before use,"RETAIN-SECONDARY - reasonable low-cost addition, check estimate precision first"
Stroke (adult prevalence),CDC,PLACES 2025 release (same file as above),https://www.cdc.gov/places,ZCTA,annual release (BRFSS 2-yr model),2025 release uses BRFSS 2022,"same 1,223 ZCTAs - zero new linkage work",model-based small-area estimate,modeled (MRP small-area estimation),none at ZCTA level,plausible downstream cardiovascular outcome,baseline (already Phase 1),baseline (already Phase 1) - SAME TABLE,NO (zero-cost to add),"Crude prevalence; low event rate, check estimate precision","RETAIN-SECONDARY - reasonable low-cost addition, check estimate precision first"
Chronic kidney disease (adult prevalence),CDC,PLACES (2023 release and earlier only),https://www.cdc.gov/places,ZCTA,annual release (BRFSS 2-yr model),discontinued starting the 2024 release,would require reverting to an older PLACES release,model-based small-area estimate,modeled (MRP small-area estimation),none at ZCTA level,established (renal clearance pathway - PFAS is renally excreted),"would require an older, non-current PLACES vintage","same ZCTA table, but wrong vintage",NO,"CDC discontinued this measure in the 2024/2025 PLACES release - would need to mix data vintages, which breaks comparability with the other Phase 1 outcomes",EXCLUDE (discontinued in current PLACES vintage)
Low birth weight (national),CDC/NCHS,CDC WONDER Natality,https://wonder.cdc.gov/natality.html,county of maternal residence (NOT ZCTA),annual,2007-2024 (current natality file),"TX counties reportable, but counties under ~100,000 population are folded into an 'Unidentified Counties' category for confidentiality","full census of TX birth certificates, but suppressed/aggregated below the county-population threshold","measured (vital records, not modeled)",small-county suppression into 'Unidentified Counties'; also standard NCHS cell suppression for counts <10,strong prior literature (PFAS - birth weight is one of the more consistently studied associations),compatible (births overlap Phase 1 UCMR5 window if using recent years),MAJOR MISMATCH - county is one full aggregation level coarser than the ZCTA design Phase 1 was built around; most rural TX counties containing the ZCTAs with real PFAS exposure contrast would be suppressed,NO,"Not usable at ZCTA scale; would require rebuilding the entire Phase 1 exposure pipeline at county resolution, which discards most of the geographic detail Phase 1 was designed to exploit","DEFER - only viable as a separate county-level companion analysis, not a drop-in Phase 1 extension"
Low birth weight (Texas),Texas DSHS,Texas Center for Health Statistics - Vital Statistics Annual Report / Texas Health Data dashboard,https://healthdata.dshs.texas.gov/dashboard/births-and-deaths/live-births,county of maternal residence (NOT ZCTA); some dashboards further break out by Public Health Region,annual report + dashboard,recent years available; historical annual reports back further,"all 254 TX counties, with TX-specific small-cell suppression rules (generally less aggressive than CDC WONDER's national threshold)",full census of TX birth certificates,measured (vital records),TX DSHS applies its own small-cell suppression; exact threshold not yet confirmed in this pass,strong prior literature,compatible,"Better than CDC WONDER for TX specifically (finer county detail, likely less suppression) but still COUNTY, not ZCTA - same fundamental mismatch",NO,"Best available TX birth-outcome source, but the county/ZCTA resolution mismatch is the binding constraint, not data availability per se",DEFER - best-available birth-outcome source IF a county-level Direction A variant is chosen; not compatible with the current ZCTA design as-is
Preterm birth (Texas),Texas DSHS,Texas Center for Health Statistics - Vital Statistics Annual Report / Texas Health Data dashboard,https://healthdata.dshs.texas.gov/dashboard/maternal-and-child-health/infant-health/infant-mortality-and-morbidity,county of maternal residence (NOT ZCTA),annual report + dashboard,recent years available,"all 254 TX counties, TX-specific suppression rules",full census of TX birth certificates,measured (vital records),"TX DSHS small-cell suppression, not yet confirmed in this pass",plausible (endocrine-disruption pathway); less consistently replicated than birth weight,compatible,same county/ZCTA mismatch as low birth weight above,NO,Same geographic-resolution problem as low birth weight,DEFER - same status as low birth weight (Texas)
Small for gestational age (SGA),Texas DSHS (uncertain),not confirmed as a standard published aggregate table,https://www.dshs.texas.gov/center-health-statistics/vital-statistics-data,"unknown - likely requires restricted-use birth-certificate microdata (has gestational age + birth weight, so SGA is derivable, but not as a pre-tabulated public aggregate)",unknown,unknown,not confirmed,not confirmed,would be derived from measured microdata,"likely requires a restricted-use data agreement, not open public download",plausible (growth-restriction pathway),unknown,unknown - likely restricted to county or region at best,NO,"NOT CONFIRMED as a public aggregate dataset in this pass - SGA is a derived variable (birth weight percentile for gestational age), not a variable vital-records agencies typically pre-tabulate and publish; likely needs a data-use agreement with TX DSHS for restricted birth-certificate microdata",DEFER - requires a direct inquiry to TX DSHS about microdata access; not a quick public download like the other candidates
"Biomarkers (serum PFAS, individual clinical labs: lipids, A1c, blood pressure)",n/a (individual-level),none at community/ZCTA level - would come from the planned individual-level survey/biological-sample study,n/a,individual (not ecological),n/a (not yet collected),n/a,n/a,n/a,would be measured (individual biospecimens),individual-level data - full IRB/privacy protections required,highest possible - direct individual exposure and direct clinical measurement,n/a (different study design entirely),"n/a (individual, not ecological)",NO,"This is exactly the advisor's 'more direct health indicators or biomarkers' suggestion, but it does not exist as public community-level data - it is, by design, the planned Phase 4 individual-level study, not a Phase 2 public-data task",EXCLUDE from Phase 2 (out of scope by design) - explicitly note as the motivation for Phase 4
