"year","county","county_name","lbw_count","lbw_pct","total_births_derived","suppressed_count","suppressed_pct"
2019,"48001","ANDERSON",42,7.6,553,FALSE,FALSE
2019,"48003","ANDREWS",34,11.3,301,FALSE,FALSE
2019,"48005","ANGELINA",83,7.8,1064,FALSE,FALSE
2019,"48007","ARANSAS",23,12.8,180,FALSE,FALSE
2019,"48009","ARCHER",,,,TRUE,TRUE
2019,"48011","ARMSTRONG",,,,TRUE,TRUE
2019,"48013","ATASCOSA",52,7.6,684,FALSE,FALSE
2019,"48015","AUSTIN",32,9,356,FALSE,FALSE
2019,"48017","BAILEY",,,,TRUE,TRUE
2019,"48019","BANDERA",18,,,FALSE,TRUE
2019,"48021","BASTROP",82,7.5,1093,FALSE,FALSE
2019,"48023","BAYLOR",,,,TRUE,TRUE
2019,"48025","BEE",24,7.6,316,FALSE,FALSE
2019,"48027","BELL",567,9.2,6163,FALSE,FALSE
2019,"48029","BEXAR",2338,9,25978,FALSE,FALSE
2019,"48031","BLANCO",,,,TRUE,TRUE
2019,"48033","BORDEN",0,,,FALSE,TRUE
2019,"48035","BOSQUE",,,,TRUE,TRUE
2019,"48037","BOWIE",107,10.3,1039,FALSE,FALSE
2019,"48039","BRAZORIA",412,8.6,4791,FALSE,FALSE
2019,"48041","BRAZOS",207,7.8,2654,FALSE,FALSE
2019,"48043","BREWSTER",,,,TRUE,TRUE
2019,"48045","BRISCOE",0,,,FALSE,TRUE
2019,"48047","BROOKS",16,,,FALSE,TRUE
2019,"48049","BROWN",23,6.1,377,FALSE,FALSE
2019,"48051","BURLESON",21,11.5,183,FALSE,FALSE
2019,"48053","BURNET",34,7.3,466,FALSE,FALSE
2019,"48055","CALDWELL",57,9.6,594,FALSE,FALSE
2019,"48057","CALHOUN",20,,,FALSE,TRUE
2019,"48059","CALLAHAN",16,,,FALSE,TRUE
2019,"48061","CAMERON",542,8.8,6159,FALSE,FALSE
2019,"48063","CAMP",,,,TRUE,TRUE
2019,"48065","CARSON",,,,TRUE,TRUE
2019,"48067","CASS",30,10.1,297,FALSE,FALSE
2019,"48069","CASTRO",11,,,FALSE,TRUE
2019,"48071","CHAMBERS",41,6.7,612,FALSE,FALSE
2019,"48073","CHEROKEE",66,9.3,710,FALSE,FALSE
2019,"48075","CHILDRESS",,,,TRUE,TRUE
2019,"48077","CLAY",,,,TRUE,TRUE
2019,"48079","COCHRAN",,,,TRUE,TRUE
2019,"48081","COKE",,,,TRUE,TRUE
2019,"48083","COLEMAN",,,,TRUE,TRUE
2019,"48085","COLLIN",796,6.9,11536,FALSE,FALSE
2019,"48087","COLLINGSWORTH",,,,TRUE,TRUE
2019,"48089","COLORADO",28,11.4,246,FALSE,FALSE
2019,"48091","COMAL",121,7.2,1681,FALSE,FALSE
2019,"48093","COMANCHE",,,,TRUE,TRUE
2019,"48095","CONCHO",,,,TRUE,TRUE
2019,"48097","COOKE",29,5.8,500,FALSE,FALSE
2019,"48099","CORYELL",100,10.1,990,FALSE,FALSE
2019,"48101","COTTLE",,,,TRUE,TRUE
2019,"48103","CRANE",12,,,FALSE,TRUE
2019,"48105","CROCKETT",,,,TRUE,TRUE
2019,"48107","CROSBY",,,,TRUE,TRUE
2019,"48109","CULBERSON",,,,TRUE,TRUE
2019,"48111","DALLAM",11,,,FALSE,TRUE
2019,"48113","DALLAS",3212,8.6,37349,FALSE,FALSE
2019,"48115","DAWSON",18,,,FALSE,TRUE
2019,"48117","DEAF SMITH",14,,,FALSE,TRUE
2019,"48119","DELTA",,,,TRUE,TRUE
2019,"48121","DENTON",724,7.1,10197,FALSE,FALSE
2019,"48123","DEWITT",21,9.4,223,FALSE,FALSE
2019,"48125","DICKENS",,,,TRUE,TRUE
2019,"48127","DIMMIT",,,,TRUE,TRUE
2019,"48129","DONLEY",,,,TRUE,TRUE
2019,"48131","DUVAL",15,,,FALSE,TRUE
2019,"48133","EASTLAND",18,,,FALSE,TRUE
2019,"48135","ECTOR",285,8.9,3202,FALSE,FALSE
2019,"48137","EDWARDS",,,,TRUE,TRUE
2019,"48141","EL PASO",1012,8.7,11632,FALSE,FALSE
2019,"48139","ELLIS",168,7.4,2270,FALSE,FALSE
2019,"48143","ERATH",33,7.3,452,FALSE,FALSE
2019,"48145","FALLS",21,10.2,206,FALSE,FALSE
2019,"48147","FANNIN",40,11.1,360,FALSE,FALSE
2019,"48149","FAYETTE",18,,,FALSE,TRUE
2019,"48151","FISHER",,,,TRUE,TRUE
2019,"48153","FLOYD",,,,TRUE,TRUE
2019,"48155","FOARD",0,,,FALSE,TRUE
2019,"48157","FORT BEND",786,8.7,9034,FALSE,FALSE
2019,"48159","FRANKLIN",,,,TRUE,TRUE
2019,"48161","FREESTONE",17,,,FALSE,TRUE
2019,"48163","FRIO",21,9.3,226,FALSE,FALSE
2019,"48165","GAINES",22,4.6,478,FALSE,FALSE
2019,"48167","GALVESTON",339,8.6,3942,FALSE,FALSE
2019,"48169","GARZA",,,,TRUE,TRUE
2019,"48171","GILLESPIE",33,12.8,258,FALSE,FALSE
2019,"48173","GLASSCOCK",,,,TRUE,TRUE
2019,"48175","GOLIAD",,,,TRUE,TRUE
2019,"48177","GONZALES",27,9.7,278,FALSE,FALSE
2019,"48179","GRAY",27,10.2,265,FALSE,FALSE
2019,"48181","GRAYSON",120,7.6,1579,FALSE,FALSE
2019,"48183","GREGG",142,8.2,1732,FALSE,FALSE
2019,"48185","GRIMES",33,11,300,FALSE,FALSE
2019,"48187","GUADALUPE",146,7.9,1848,FALSE,FALSE
2019,"48189","HALE",34,8.3,410,FALSE,FALSE
2019,"48191","HALL",,,,TRUE,TRUE
2019,"48193","HAMILTON",,,,TRUE,TRUE
2019,"48195","HANSFORD",,,,TRUE,TRUE
2019,"48197","HARDEMAN",,,,TRUE,TRUE
2019,"48199","HARDIN",51,7.3,699,FALSE,FALSE
2019,"48201","HARRIS",5944,9,66044,FALSE,FALSE
2019,"48203","HARRISON",74,9.4,787,FALSE,FALSE
2019,"48205","HARTLEY",,,,TRUE,TRUE
2019,"48207","HASKELL",,,,TRUE,TRUE
2019,"48209","HAYS",188,7.3,2575,FALSE,FALSE
2019,"48211","HEMPHILL",,,,TRUE,TRUE
2019,"48213","HENDERSON",77,8.1,951,FALSE,FALSE
2019,"48215","HIDALGO",1261,9.1,13857,FALSE,FALSE
2019,"48217","HILL",39,9,433,FALSE,FALSE
2019,"48219","HOCKLEY",24,9,267,FALSE,FALSE
2019,"48221","HOOD",34,5.9,576,FALSE,FALSE
2019,"48223","HOPKINS",38,8.2,463,FALSE,FALSE
2019,"48225","HOUSTON",21,10.5,200,FALSE,FALSE
2019,"48227","HOWARD",40,9.4,426,FALSE,FALSE
2019,"48229","HUDSPETH",,,,TRUE,TRUE
2019,"48231","HUNT",91,7.6,1197,FALSE,FALSE
2019,"48233","HUTCHINSON",18,,,FALSE,TRUE
2019,"48235","IRION",,,,TRUE,TRUE
2019,"48237","JACK",,,,TRUE,TRUE
2019,"48239","JACKSON",14,,,FALSE,TRUE
2019,"48241","JASPER",39,10,390,FALSE,FALSE
2019,"48243","JEFF DAVIS",,,,TRUE,TRUE
2019,"48245","JEFFERSON",347,10.4,3337,FALSE,FALSE
2019,"48247","JIM HOGG",,,,TRUE,TRUE
2019,"48249","JIM WELLS",37,7.2,514,FALSE,FALSE
2019,"48251","JOHNSON",166,7.6,2184,FALSE,FALSE
2019,"48253","JONES",12,,,FALSE,TRUE
2019,"48255","KARNES",16,,,FALSE,TRUE
2019,"48257","KAUFMAN",157,8.6,1826,FALSE,FALSE
2019,"48259","KENDALL",31,7.8,397,FALSE,FALSE
2019,"48261","KENEDY",0,,,FALSE,TRUE
2019,"48263","KENT",0,,,FALSE,TRUE
2019,"48265","KERR",34,6.7,507,FALSE,FALSE
2019,"48267","KIMBLE",,,,TRUE,TRUE
2019,"48269","KING",0,,,FALSE,TRUE
2019,"48271","KINNEY",0,,,FALSE,TRUE
2019,"48273","KLEBERG",40,9.8,408,FALSE,FALSE
2019,"48275","KNOX",,,,TRUE,TRUE
2019,"48283","LA SALLE",12,,,FALSE,TRUE
2019,"48277","LAMAR",54,8.8,614,FALSE,FALSE
2019,"48279","LAMB",12,,,FALSE,TRUE
2019,"48281","LAMPASAS",16,,,FALSE,TRUE
2019,"48285","LAVACA",18,,,FALSE,TRUE
2019,"48287","LEE",16,,,FALSE,TRUE
2019,"48289","LEON",17,,,FALSE,TRUE
2019,"48291","LIBERTY",86,7.2,1194,FALSE,FALSE
2019,"48293","LIMESTONE",26,11.2,232,FALSE,FALSE
2019,"48295","LIPSCOMB",,,,TRUE,TRUE
2019,"48297","LIVE OAK",,,,TRUE,TRUE
2019,"48299","LLANO",15,,,FALSE,TRUE
2019,"48301","LOVING",0,,,FALSE,TRUE
2019,"48303","LUBBOCK",357,8.7,4103,FALSE,FALSE
2019,"48305","LYNN",,,,TRUE,TRUE
2019,"48313","MADISON",11,,,FALSE,TRUE
2019,"48315","MARION",,,,TRUE,TRUE
2019,"48317","MARTIN",,,,TRUE,TRUE
2019,"48319","MASON",0,,,FALSE,TRUE
2019,"48321","MATAGORDA",46,8.6,535,FALSE,FALSE
2019,"48323","MAVERICK",92,8.7,1057,FALSE,FALSE
2019,"48307","MCCULLOCH",,,,TRUE,TRUE
2019,"48309","MCLENNAN",300,9.1,3297,FALSE,FALSE
2019,"48311","MCMULLEN",,,,TRUE,TRUE
2019,"48325","MEDINA",48,8.2,585,FALSE,FALSE
2019,"48327","MENARD",0,,,FALSE,TRUE
2019,"48329","MIDLAND",236,7.9,2987,FALSE,FALSE
2019,"48331","MILAM",19,,,FALSE,TRUE
2019,"48333","MILLS",0,,,FALSE,TRUE
2019,"48335","MITCHELL",,,,TRUE,TRUE
2019,"48337","MONTAGUE",19,,,FALSE,TRUE
2019,"48339","MONTGOMERY",569,7.7,7390,FALSE,FALSE
2019,"48341","MOORE",35,8.8,398,FALSE,FALSE
2019,"48343","MORRIS",13,,,FALSE,TRUE
2019,"48345","MOTLEY",0,,,FALSE,TRUE
2019,"48347","NACOGDOCHES",68,8.6,791,FALSE,FALSE
2019,"48349","NAVARRO",60,9.1,659,FALSE,FALSE
2019,"48351","NEWTON",11,,,FALSE,TRUE
2019,"48353","NOLAN",14,,,FALSE,TRUE
2019,"48355","NUECES",399,8.9,4483,FALSE,FALSE
2019,"48357","OCHILTREE",,,,TRUE,TRUE
2019,"48359","OLDHAM",,,,TRUE,TRUE
2019,"48361","ORANGE",108,10,1080,FALSE,FALSE
2019,"48363","PALO PINTO",24,7.3,329,FALSE,FALSE
2019,"48365","PANOLA",32,11.4,281,FALSE,FALSE
2019,"48367","PARKER",106,6.6,1606,FALSE,FALSE
2019,"48369","PARMER",14,,,FALSE,TRUE
2019,"48371","PECOS",18,,,FALSE,TRUE
2019,"48373","POLK",44,8.5,518,FALSE,FALSE
2019,"48375","POTTER",167,10.1,1653,FALSE,FALSE
2019,"48377","PRESIDIO",,,,TRUE,TRUE
2019,"48379","RAINS",,,,TRUE,TRUE
2019,"48381","RANDALL",112,7,1600,FALSE,FALSE
2019,"48383","REAGAN",,,,TRUE,TRUE
2019,"48385","REAL",,,,TRUE,TRUE
2019,"48387","RED RIVER",,,,TRUE,TRUE
2019,"48389","REEVES",16,,,FALSE,TRUE
2019,"48391","REFUGIO",,,,TRUE,TRUE
2019,"48393","ROBERTS",0,,,FALSE,TRUE
2019,"48395","ROBERTSON",21,10.1,208,FALSE,FALSE
2019,"48397","ROCKWALL",69,6.2,1113,FALSE,FALSE
2019,"48399","RUNNELS",,,,TRUE,TRUE
2019,"48401","RUSK",43,7.2,597,FALSE,FALSE
2019,"48403","SABINE",10,,,FALSE,TRUE
2019,"48405","SAN AUGUSTINE",,,,TRUE,TRUE
2019,"48407","SAN JACINTO",33,11.1,297,FALSE,FALSE
2019,"48409","SAN PATRICIO",61,7.2,847,FALSE,FALSE
2019,"48411","SAN SABA",,,,TRUE,TRUE
2019,"48413","SCHLEICHER",,,,TRUE,TRUE
2019,"48415","SCURRY",14,,,FALSE,TRUE
2019,"48417","SHACKELFORD",,,,TRUE,TRUE
2019,"48419","SHELBY",31,9.3,333,FALSE,FALSE
2019,"48421","SHERMAN",,,,TRUE,TRUE
2019,"48423","SMITH",236,8.1,2914,FALSE,FALSE
2019,"48425","SOMERVELL",,,,TRUE,TRUE
2019,"48427","STARR",117,10.1,1158,FALSE,FALSE
2019,"48429","STEPHENS",,,,TRUE,TRUE
2019,"48431","STERLING",0,,,FALSE,TRUE
2019,"48433","STONEWALL",,,,TRUE,TRUE
2019,"48435","SUTTON",,,,TRUE,TRUE
2019,"48437","SWISHER",11,,,FALSE,TRUE
2019,"48439","TARRANT",2393,8.8,27193,FALSE,FALSE
2019,"48441","TAYLOR",182,9.3,1957,FALSE,FALSE
2019,"48443","TERRELL",0,,,FALSE,TRUE
2019,"48445","TERRY",16,,,FALSE,TRUE
2019,"48447","THROCKMORTON",0,,,FALSE,TRUE
2019,"48449","TITUS",35,8.3,422,FALSE,FALSE
2019,"48451","TOM GREEN",143,9.2,1554,FALSE,FALSE
2019,"48453","TRAVIS",1099,7.1,15479,FALSE,FALSE
2019,"48455","TRINITY",13,,,FALSE,TRUE
2019,"48457","TYLER",17,,,FALSE,TRUE
2019,"48459","UPSHUR",44,10.1,436,FALSE,FALSE
2019,"48461","UPTON",,,,TRUE,TRUE
2019,"48463","UVALDE",36,9,400,FALSE,FALSE
2019,"48465","VAL VERDE",62,7.8,795,FALSE,FALSE
2019,"48467","VAN ZANDT",52,8.4,619,FALSE,FALSE
2019,"48469","VICTORIA",87,6.9,1261,FALSE,FALSE
2019,"48471","WALKER",59,9.6,615,FALSE,FALSE
2019,"48473","WALLER",39,5.6,696,FALSE,FALSE
2019,"48475","WARD",21,10,210,FALSE,FALSE
2019,"48477","WASHINGTON",26,7.1,366,FALSE,FALSE
2019,"48479","WEBB",366,7.9,4633,FALSE,FALSE
2019,"48481","WHARTON",54,9.4,574,FALSE,FALSE
2019,"48483","WHEELER",,,,TRUE,TRUE
2019,"48485","WICHITA",133,8.1,1642,FALSE,FALSE
2019,"48487","WILBARGER",11,,,FALSE,TRUE
2019,"48489","WILLACY",16,,,FALSE,TRUE
2019,"48491","WILLIAMSON",479,7.2,6653,FALSE,FALSE
2019,"48493","WILSON",44,7.9,557,FALSE,FALSE
2019,"48495","WINKLER",21,15.2,138,FALSE,FALSE
2019,"48497","WISE",49,6.2,790,FALSE,FALSE
2019,"48499","WOOD",30,7.4,405,FALSE,FALSE
2019,"48501","YOAKUM",12,,,FALSE,TRUE
2019,"48503","YOUNG",,,,TRUE,TRUE
2019,"48505","ZAPATA",20,,,FALSE,TRUE
2019,"48507","ZAVALA",,,,TRUE,TRUE
